"","http://tomall.ru/cat/logo.gif","2017-03-16 14:43:10",
"<img src=""C:\Users\verych\Documents\DataThief\images\b58ae31d4042f8008b899f426811eec3.jpeg"" border=""0"" class=""img"" />","http://tomall.ru/cat/Abyssinian","2017-03-16 16:06:30",
"<img src=""C:\Users\verych\Documents\DataThief\images\d0818aeb5f9fc0ca43c5e501d6be7979.jpeg"" border=""0"" class=""img"" />","http://tomall.ru/cat/Abyssinian","2017-03-16 17:29:50",
"<img src=""C:\Users\verych\Documents\DataThief\images\edfe6dde22665fd1d162df198d1bbfc0.jpeg"" border=""0"" class=""img"" />","http://tomall.ru/cat/Abyssinian","2017-03-16 18:53:10",
"<img src=""C:\Users\verych\Documents\DataThief\images\320b25357633be16c7e483b7dba97521.jpeg"" border=""0"" class=""img"" />","http://tomall.ru/cat/Australian_Mist","2017-03-16 20:16:30",
"<img src=""C:\Users\verych\Documents\DataThief\images\dd23eda536975b073cf493d4662dd61f.jpeg"" border=""0"" class=""img"" />","http://tomall.ru/cat/Australian_Mist","2017-03-16 21:39:50",
"<img src=""C:\Users\verych\Documents\DataThief\images\20859aec4623814678ca945073962280.jpeg"" border=""0"" class=""img"" />","http://tomall.ru/cat/Australian_Mist","2017-03-16 23:03:10",
"<img src=""C:\Users\verych\Documents\DataThief\images\5aa5c322d65d708cf4b7d7bf4b04d3c9.jpeg"" border=""0"" class=""img"" />","http://tomall.ru/cat/Australian_Tiffanie","2017-03-17 00:26:30",
"<img src=""C:\Users\verych\Documents\DataThief\images\7cf8254d496a672a160614a48fc53ce5.jpeg"" border=""0"" class=""img"" />","http://tomall.ru/cat/Australian_Tiffanie","2017-03-17 01:49:50",
"<img src=""C:\Users\verych\Documents\DataThief\images\26b58acf4cf9c676e27d009a871743ac.jpeg"" border=""0"" class=""img"" />","http://tomall.ru/cat/Australian_Tiffanie","2017-03-17 03:13:10",
"<img src=""C:\Users\verych\Documents\DataThief\images\64723acaced6bef8b7d8f08aec7fd6f3.jpeg"" border=""0"" class=""img"" />","http://tomall.ru/cat/Asian_Longhair","2017-03-17 04:36:30",
"<img src=""C:\Users\verych\Documents\DataThief\images\5a365496c72fa7338c1c9af69b7c28ed.jpeg"" border=""0"" class=""img"" />","http://tomall.ru/cat/Asian_Longhair","2017-03-17 05:59:50",
"<img src=""C:\Users\verych\Documents\DataThief\images\b4a9ddc1d37b3fdd2077b4eb03d70a07.jpeg"" border=""0"" class=""img"" />","http://tomall.ru/cat/Asian_Longhair","2017-03-17 07:23:10",
"<img src=""C:\Users\verych\Documents\DataThief\images\f78ff3dec40163f40b6b49adc4a6f7bd.jpeg"" border=""0"" class=""img"" />","http://tomall.ru/cat/Asian_Smoke","2017-03-17 08:46:30",
"<img src=""C:\Users\verych\Documents\DataThief\images\0c5875b213979c72e74245b861523198.jpeg"" border=""0"" class=""img"" />","http://tomall.ru/cat/Asian_Smoke","2017-03-17 10:09:50",
"<img src=""C:\Users\verych\Documents\DataThief\images\b2c1e5f5591905f7c70761e4dc3615a0.jpeg"" border=""0"" class=""img"" />","http://tomall.ru/cat/Asian_Smoke","2017-03-17 11:33:10",
"<img src=""C:\Users\verych\Documents\DataThief\images\126bfaa2c69ec6294d0ab3d00ab51315.jpeg"" border=""0"" class=""img"" />","http://tomall.ru/cat/Asian_Shorthair","2017-03-17 12:56:30",
"<img src=""C:\Users\verych\Documents\DataThief\images\c47a29bedc86b0e80fbe7976871f50d1.jpeg"" border=""0"" class=""img"" />","http://tomall.ru/cat/Asian_Shorthair","2017-03-17 14:19:50",
"<img src=""C:\Users\verych\Documents\DataThief\images\32aa1b839dec77cd4b5a5adb3173de77.jpeg"" border=""0"" class=""img"" />","http://tomall.ru/cat/Asian_Shorthair","2017-03-17 15:43:10",
"<img src=""C:\Users\verych\Documents\DataThief\images\648e286c861bf5bb739bbece00f7c69b.jpeg"" border=""0"" class=""img"" />","http://tomall.ru/cat/Asian_Tabby","2017-03-17 17:06:30",
"<img src=""C:\Users\verych\Documents\DataThief\images\46b01d15dd32b9438105c4a0d0c48140.jpeg"" border=""0"" class=""img"" />","http://tomall.ru/cat/Asian_Tabby","2017-03-17 18:29:50",
"<img src=""C:\Users\verych\Documents\DataThief\images\5ad94e69cfeb66534e06d965c5c6136f.jpeg"" border=""0"" class=""img"" />","http://tomall.ru/cat/Asian_Tabby","2017-03-17 19:53:10",
"<img src=""C:\Users\verych\Documents\DataThief\images\6d4ce403b8ffada5dbb5ef7d21afcf31.jpeg"" border=""0"" class=""img"" />","http://tomall.ru/cat/American_Wirehair","2017-03-17 21:16:30",
"<img src=""C:\Users\verych\Documents\DataThief\images\fc9ec34ec86ba990a3ebaa9344720ed2.jpeg"" border=""0"" class=""img"" />","http://tomall.ru/cat/American_Wirehair","2017-03-17 22:39:50",
"<img src=""C:\Users\verych\Documents\DataThief\images\fd708968cfc549de28f1c728731d7441.jpeg"" border=""0"" class=""img"" />","http://tomall.ru/cat/American_Wirehair","2017-03-18 00:03:10",
"<img src=""C:\Users\verych\Documents\DataThief\images\0723394614cae51b67f2616a0499a2fe.jpeg"" border=""0"" class=""img"" />","http://tomall.ru/cat/American_Ringtail","2017-03-18 01:26:30",
"<img src=""C:\Users\verych\Documents\DataThief\images\8f1ad35c61f9517069d04bec02a1344a.jpeg"" border=""0"" class=""img"" />","http://tomall.ru/cat/American_Ringtail","2017-03-18 02:49:50",
"<img src=""C:\Users\verych\Documents\DataThief\images\da70a39d896ab181df45fa4b95e7d111.jpeg"" border=""0"" class=""img"" />","http://tomall.ru/cat/American_Ringtail","2017-03-18 04:13:10",
"<img src=""C:\Users\verych\Documents\DataThief\images\6666eaec2deff9f779634b4e2c1b7f71.jpeg"" border=""0"" class=""img"" />","http://tomall.ru/cat/American_Shorthair","2017-03-18 05:36:30",
"<img src=""C:\Users\verych\Documents\DataThief\images\be2d846a225b60492384689ca8799d84.jpeg"" border=""0"" class=""img"" />","http://tomall.ru/cat/American_Shorthair","2017-03-18 06:59:50",
"<img src=""C:\Users\verych\Documents\DataThief\images\b081859e810f15de1fc62b2d3b4f1d36.jpeg"" border=""0"" class=""img"" />","http://tomall.ru/cat/American_Shorthair","2017-03-18 08:23:10",
"<img src=""C:\Users\verych\Documents\DataThief\images\853b4f28af541f5d0019e977493fb6aa.jpeg"" border=""0"" class=""img"" />","http://tomall.ru/cat/American_Bobtail","2017-03-18 09:46:30",
"<img src=""C:\Users\verych\Documents\DataThief\images\83fa3c84f2ecefe501e4aea4e64226cd.jpeg"" border=""0"" class=""img"" />","http://tomall.ru/cat/American_Bobtail","2017-03-18 11:09:50",
"<img src=""C:\Users\verych\Documents\DataThief\images\277fe1535dcace45071ff93a77b8904e.jpeg"" border=""0"" class=""img"" />","http://tomall.ru/cat/American_Bobtail","2017-03-18 12:33:10",
"<img src=""C:\Users\verych\Documents\DataThief\images\f4ec4a8b15c0f6835494fdefe16de461.jpeg"" border=""0"" class=""img"" />","http://tomall.ru/cat/American_Curl","2017-03-18 13:56:30",
"<img src=""C:\Users\verych\Documents\DataThief\images\70ffe9cdfa2a3f32fcc2d3686cf91fb1.jpeg"" border=""0"" class=""img"" />","http://tomall.ru/cat/American_Curl","2017-03-18 15:19:50",
"<img src=""C:\Users\verych\Documents\DataThief\images\309be8ca177ea8d52c14eef9ecddd372.jpeg"" border=""0"" class=""img"" />","http://tomall.ru/cat/American_Curl","2017-03-18 16:43:10",
"<img src=""C:\Users\verych\Documents\DataThief\images\81283bfbaa163739860e8992edaf4df9.jpeg"" border=""0"" class=""img"" />","http://tomall.ru/cat/Anatoli","2017-03-18 18:06:30",
"<img src=""C:\Users\verych\Documents\DataThief\images\5b5462e823b05cd5785f21b231526c86.jpeg"" border=""0"" class=""img"" />","http://tomall.ru/cat/Anatoli","2017-03-18 19:29:50",
"<img src=""C:\Users\verych\Documents\DataThief\images\4c8f3e7d55f72351c7ab55b0e6502b80.jpeg"" border=""0"" class=""img"" />","http://tomall.ru/cat/Anatoli","2017-03-18 20:53:10",
"<img src=""C:\Users\verych\Documents\DataThief\images\a1ccd143edda5345872476b3c7a56c27.jpeg"" border=""0"" class=""img"" />","http://tomall.ru/cat/Arabian_Mau","2017-03-18 22:16:30",
"<img src=""C:\Users\verych\Documents\DataThief\images\65e98e488cb1f652eab757d8189e6835.jpeg"" border=""0"" class=""img"" />","http://tomall.ru/cat/Arabian_Mau","2017-03-18 23:39:50",
"<img src=""C:\Users\verych\Documents\DataThief\images\b125bb0c5f9f452ef43710d708a24bf9.jpeg"" border=""0"" class=""img"" />","http://tomall.ru/cat/Arabian_Mau","2017-03-19 01:03:10",
"<img src=""C:\Users\verych\Documents\DataThief\images\62c54adf8f397ac7bc487e3969cb859c.jpeg"" border=""0"" class=""img"" />","http://tomall.ru/cat/Balinese","2017-03-19 02:26:30",
"<img src=""C:\Users\verych\Documents\DataThief\images\fe9f8d3e14d1bb6e1c675d4a3350e3c2.jpeg"" border=""0"" class=""img"" />","http://tomall.ru/cat/Balinese","2017-03-19 03:49:50",
"<img src=""C:\Users\verych\Documents\DataThief\images\f32f34413af180a2f92246f7e3d7b000.jpeg"" border=""0"" class=""img"" />","http://tomall.ru/cat/Balinese","2017-03-19 05:13:10",
"<img src=""C:\Users\verych\Documents\DataThief\images\c239cc9877b7d99c9ec52bf9fe30e162.jpeg"" border=""0"" class=""img"" />","http://tomall.ru/cat/Bengal","2017-03-19 06:36:30",
"<img src=""C:\Users\verych\Documents\DataThief\images\6d50eaa8aace059f7cb6e7ad9e7627ad.jpeg"" border=""0"" class=""img"" />","http://tomall.ru/cat/Bengal","2017-03-19 07:59:50",
"<img src=""C:\Users\verych\Documents\DataThief\images\dffb4b60cfd4365523e0d6f22b7daccd.jpeg"" border=""0"" class=""img"" />","http://tomall.ru/cat/Bengal","2017-03-19 09:23:10",
"<img src=""C:\Users\verych\Documents\DataThief\images\38a75297394ae293297e0240626f5fef.jpeg"" border=""0"" class=""img"" />","http://tomall.ru/cat/Birman","2017-03-19 10:46:30",
"<img src=""C:\Users\verych\Documents\DataThief\images\401bb960feb8112555ed28dd1456c652.jpeg"" border=""0"" class=""img"" />","http://tomall.ru/cat/Birman","2017-03-19 12:09:50",
"<img src=""C:\Users\verych\Documents\DataThief\images\83ff8ae28dcf753f2ac3eab7f5ec665e.jpeg"" border=""0"" class=""img"" />","http://tomall.ru/cat/Birman","2017-03-19 13:33:10",
"<img src=""C:\Users\verych\Documents\DataThief\images\9950baf72450da214b05643bf14ad38f.jpeg"" border=""0"" class=""img"" />","http://tomall.ru/cat/Bohemia_Rex","2017-03-19 14:56:30",
"<img src=""C:\Users\verych\Documents\DataThief\images\2d4fa1284820e6ef8bbdb889872fa46c.jpeg"" border=""0"" class=""img"" />","http://tomall.ru/cat/Bohemia_Rex","2017-03-19 16:19:50",
"<img src=""C:\Users\verych\Documents\DataThief\images\b7a48c60e0d19135a66dc8cbe1530708.jpeg"" border=""0"" class=""img"" />","http://tomall.ru/cat/Bohemia_Rex","2017-03-19 17:43:10",
"<img src=""C:\Users\verych\Documents\DataThief\images\de4876531e64809647afd13cea770bdd.jpeg"" border=""0"" class=""img"" />","http://tomall.ru/cat/Bombay","2017-03-19 19:06:30",
"<img src=""C:\Users\verych\Documents\DataThief\images\762748d378fb8b18e19fd0a6333f5e72.jpeg"" border=""0"" class=""img"" />","http://tomall.ru/cat/Bombay","2017-03-19 20:29:50",
"<img src=""C:\Users\verych\Documents\DataThief\images\3455934f379659dfce56b05fafaa2bbd.jpeg"" border=""0"" class=""img"" />","http://tomall.ru/cat/Bombay","2017-03-19 21:53:10",
"<img src=""C:\Users\verych\Documents\DataThief\images\62328403f9caef6c664b5e1203818459.jpeg"" border=""0"" class=""img"" />","http://tomall.ru/cat/Brazilian_Shorthair","2017-03-19 23:16:30",
"<img src=""C:\Users\verych\Documents\DataThief\images\70d1dda257c0e751df37f278bf56ae72.jpeg"" border=""0"" class=""img"" />","http://tomall.ru/cat/Brazilian_Shorthair","2017-03-20 00:39:50",
"<img src=""C:\Users\verych\Documents\DataThief\images\0d6a3b1d12cd97a9506a72f9084fdc1b.jpeg"" border=""0"" class=""img"" />","http://tomall.ru/cat/Brazilian_Shorthair","2017-03-20 02:03:10",
"<img src=""C:\Users\verych\Documents\DataThief\images\6a1d979491a684e0d0cc7864446021cf.jpeg"" border=""0"" class=""img"" />","http://tomall.ru/cat/Bristol","2017-03-20 03:26:30",
"<img src=""C:\Users\verych\Documents\DataThief\images\a608d55219ef5f5217c89ad691333b09.jpeg"" border=""0"" class=""img"" />","http://tomall.ru/cat/Bristol","2017-03-20 04:49:50",
"<img src=""C:\Users\verych\Documents\DataThief\images\0ef9a4cb7f3cca35fdea64587bda5223.jpeg"" border=""0"" class=""img"" />","http://tomall.ru/cat/Bristol","2017-03-20 06:13:10",
"<img src=""C:\Users\verych\Documents\DataThief\images\85cc0829af691b18ce1123934fff0257.jpeg"" border=""0"" class=""img"" />","http://tomall.ru/cat/British_Longhair","2017-03-20 07:36:30",
"<img src=""C:\Users\verych\Documents\DataThief\images\3bcb6761ecb12e97ac1b955e18ec9e92.jpeg"" border=""0"" class=""img"" />","http://tomall.ru/cat/British_Longhair","2017-03-20 08:59:50",
"<img src=""C:\Users\verych\Documents\DataThief\images\0524797fc2e517e73dd190f3064bf236.jpeg"" border=""0"" class=""img"" />","http://tomall.ru/cat/British_Longhair","2017-03-20 10:23:10",
"<img src=""C:\Users\verych\Documents\DataThief\images\fae19081c1bf41d653c61cab5d71d509.jpeg"" border=""0"" class=""img"" />","http://tomall.ru/cat/British_Shorthair","2017-03-20 11:46:30",
"<img src=""C:\Users\verych\Documents\DataThief\images\1cbcc17247d95579ab5f5e905f84a566.jpeg"" border=""0"" class=""img"" />","http://tomall.ru/cat/British_Shorthair","2017-03-20 13:09:50",
"<img src=""C:\Users\verych\Documents\DataThief\images\8db2854a815749396e64cace3c99e78d.jpeg"" border=""0"" class=""img"" />","http://tomall.ru/cat/British_Shorthair","2017-03-20 14:33:10",
"<img src=""C:\Users\verych\Documents\DataThief\images\1a35a07676a76f9f6164ad631c128b58.jpeg"" border=""0"" class=""img"" />","http://tomall.ru/cat/Burmese","2017-03-20 15:56:30",
"<img src=""C:\Users\verych\Documents\DataThief\images\06156c2ac857a64fb6966b9346f90620.jpeg"" border=""0"" class=""img"" />","http://tomall.ru/cat/Burmese","2017-03-20 17:19:50",
"<img src=""C:\Users\verych\Documents\DataThief\images\079adf5948c0ce38f76829793b0062cb.jpeg"" border=""0"" class=""img"" />","http://tomall.ru/cat/Burmese","2017-03-20 18:43:10",
"<img src=""C:\Users\verych\Documents\DataThief\images\9bf23f1e1f3152dc16ec2ca49269ac15.jpeg"" border=""0"" class=""img"" />","http://tomall.ru/cat/Burmilla","2017-03-20 20:06:30",
"<img src=""C:\Users\verych\Documents\DataThief\images\56486930584f0230e710f367407448f9.jpeg"" border=""0"" class=""img"" />","http://tomall.ru/cat/Burmilla","2017-03-20 21:29:50",
"<img src=""C:\Users\verych\Documents\DataThief\images\c9f4228d0cfb4d575ff0d602201bd7e4.jpeg"" border=""0"" class=""img"" />","http://tomall.ru/cat/Burmilla","2017-03-20 22:53:10",
"<img src=""C:\Users\verych\Documents\DataThief\images\6c1e76761fc634c6678f1d24ff2413b0.jpeg"" border=""0"" class=""img"" />","http://tomall.ru/cat/Havana_Brown","2017-03-21 00:16:30",
"<img src=""C:\Users\verych\Documents\DataThief\images\969ce3fe36cd142665a422e92726b24d.jpeg"" border=""0"" class=""img"" />","http://tomall.ru/cat/Havana_Brown","2017-03-21 01:39:50",
"<img src=""C:\Users\verych\Documents\DataThief\images\5363b79b1c928d62d48efd4320938446.jpeg"" border=""0"" class=""img"" />","http://tomall.ru/cat/Havana_Brown","2017-03-21 03:03:10",
"<img src=""C:\Users\verych\Documents\DataThief\images\b4d0c5e7762e42d0bf260dee03bc5af2.jpeg"" border=""0"" class=""img"" />","http://tomall.ru/cat/German_Rex","2017-03-21 04:26:30",
"<img src=""C:\Users\verych\Documents\DataThief\images\67bb0e975fd0d9f2fb4751e57499259b.jpeg"" border=""0"" class=""img"" />","http://tomall.ru/cat/German_Rex","2017-03-21 05:49:50",
"<img src=""C:\Users\verych\Documents\DataThief\images\ffab3b30ac25370928e869c1237a9026.jpeg"" border=""0"" class=""img"" />","http://tomall.ru/cat/German_Rex","2017-03-21 07:13:10",
"<img src=""C:\Users\verych\Documents\DataThief\images\9e3eb4e9be14104dd654dc9e69f964d2.jpeg"" border=""0"" class=""img"" />","http://tomall.ru/cat/Devon_Rex","2017-03-21 08:36:30",
"<img src=""C:\Users\verych\Documents\DataThief\images\73294dc3f6197d18acec9675ebc43d6c.jpeg"" border=""0"" class=""img"" />","http://tomall.ru/cat/Devon_Rex","2017-03-21 09:59:50",
"<img src=""C:\Users\verych\Documents\DataThief\images\31d118f9f51a691cf30dbc48ba7026f5.jpeg"" border=""0"" class=""img"" />","http://tomall.ru/cat/Devon_Rex","2017-03-21 11:23:10",
"<img src=""C:\Users\verych\Documents\DataThief\images\dbf406c4f91a58c19e38e8c6f4a2c211.jpeg"" border=""0"" class=""img"" />","http://tomall.ru/cat/Domestic_cat","2017-03-21 12:46:30",
"<img src=""C:\Users\verych\Documents\DataThief\images\d57cb0f876a7b043d40ccb631c7d89d0.jpeg"" border=""0"" class=""img"" />","http://tomall.ru/cat/Domestic_cat","2017-03-21 14:09:50",
"<img src=""C:\Users\verych\Documents\DataThief\images\07ad17cdd48d7ba3e383020b00662729.jpeg"" border=""0"" class=""img"" />","http://tomall.ru/cat/Domestic_cat","2017-03-21 15:33:10",
"<img src=""C:\Users\verych\Documents\DataThief\images\b1c6ecacc7c8e4d9ced0dcc3f205bc4d.jpeg"" border=""0"" class=""img"" />","http://tomall.ru/cat/Don_Sphynx","2017-03-21 16:56:30",
"<img src=""C:\Users\verych\Documents\DataThief\images\a06e55f15df1fc43dec5647da843d478.jpeg"" border=""0"" class=""img"" />","http://tomall.ru/cat/Don_Sphynx","2017-03-21 18:19:50",
"<img src=""C:\Users\verych\Documents\DataThief\images\166ddc5ff81781f075979e88fc5dccea.jpeg"" border=""0"" class=""img"" />","http://tomall.ru/cat/Don_Sphynx","2017-03-21 19:43:10",
"<img src=""C:\Users\verych\Documents\DataThief\images\2fc8c0eccaf7952e1bf2342ec7bccd95.jpeg"" border=""0"" class=""img"" />","http://tomall.ru/cat/European_SH","2017-03-21 21:06:30",
"<img src=""C:\Users\verych\Documents\DataThief\images\9884b10d3958543cb327ba6b2d1b49cb.jpeg"" border=""0"" class=""img"" />","http://tomall.ru/cat/European_SH","2017-03-21 22:29:50",
"<img src=""C:\Users\verych\Documents\DataThief\images\0c3b1e83925bd4f56dc4cadf65203f99.jpeg"" border=""0"" class=""img"" />","http://tomall.ru/cat/European_SH","2017-03-21 23:53:10",
"<img src=""C:\Users\verych\Documents\DataThief\images\7942e47f3fecbc1b386c90548fa27813.jpeg"" border=""0"" class=""img"" />","http://tomall.ru/cat/Egyptian_Mau","2017-03-22 01:16:30",
"<img src=""C:\Users\verych\Documents\DataThief\images\7ad193dde44bd843ca1114e8ffd57fe1.jpeg"" border=""0"" class=""img"" />","http://tomall.ru/cat/Egyptian_Mau","2017-03-22 02:39:50",
"<img src=""C:\Users\verych\Documents\DataThief\images\62b226d5d6b3d07103d7a04fc1486f2f.jpeg"" border=""0"" class=""img"" />","http://tomall.ru/cat/Egyptian_Mau","2017-03-22 04:03:10",
"<img src=""C:\Users\verych\Documents\DataThief\images\6897d4cc366b3487ae3546c8070334bd.jpeg"" border=""0"" class=""img"" />","http://tomall.ru/cat/Foreign_White","2017-03-22 05:26:30",
"<img src=""C:\Users\verych\Documents\DataThief\images\35a02c239b2c44a01bb0d3a04e9557c8.jpeg"" border=""0"" class=""img"" />","http://tomall.ru/cat/Foreign_White","2017-03-22 06:49:50",
"<img src=""C:\Users\verych\Documents\DataThief\images\fa00290630f82dc0af4bd0bb2ddad7d7.jpeg"" border=""0"" class=""img"" />","http://tomall.ru/cat/Foreign_White","2017-03-22 08:13:10",
"<img src=""C:\Users\verych\Documents\DataThief\images\2cd0fee6f8a06927ecc4883ecd6569a6.jpeg"" border=""0"" class=""img"" />","http://tomall.ru/cat/York_Chocolate","2017-03-22 09:36:30",
"<img src=""C:\Users\verych\Documents\DataThief\images\e13e2df1d49ab57ffa9b4efa34ac4bd5.jpeg"" border=""0"" class=""img"" />","http://tomall.ru/cat/York_Chocolate","2017-03-22 10:59:50",
"<img src=""C:\Users\verych\Documents\DataThief\images\7798c59dd5c291d1c0835a6cf1f7ab7e.jpeg"" border=""0"" class=""img"" />","http://tomall.ru/cat/York_Chocolate","2017-03-22 12:23:10",
"<img src=""C:\Users\verych\Documents\DataThief\images\68794ccdb93778da7b6caa576c81c675.jpeg"" border=""0"" class=""img"" />","http://tomall.ru/cat/California_Spangled","2017-03-22 13:46:30",
"<img src=""C:\Users\verych\Documents\DataThief\images\9e54d295380f6bf05c5f4f024424e994.jpeg"" border=""0"" class=""img"" />","http://tomall.ru/cat/California_Spangled","2017-03-22 15:09:50",
"<img src=""C:\Users\verych\Documents\DataThief\images\9e49c5977be30af524d85d2aa5020db2.jpeg"" border=""0"" class=""img"" />","http://tomall.ru/cat/California_Spangled","2017-03-22 16:33:10",
"<img src=""C:\Users\verych\Documents\DataThief\images\debeabbe09bae809c5e1e430d4ed602e.jpeg"" border=""0"" class=""img"" />","http://tomall.ru/cat/Kanaani","2017-03-22 17:56:30",
"<img src=""C:\Users\verych\Documents\DataThief\images\6c2a09629179cd5ca662ea237912a108.jpeg"" border=""0"" class=""img"" />","http://tomall.ru/cat/Kanaani","2017-03-22 19:19:50",
"<img src=""C:\Users\verych\Documents\DataThief\images\b85cb31e40cd81040ce90758f280e736.jpeg"" border=""0"" class=""img"" />","http://tomall.ru/cat/Kanaani","2017-03-22 20:43:10",
"<img src=""C:\Users\verych\Documents\DataThief\images\4d2d3706d41e1d38189f4178b4233f23.jpeg"" border=""0"" class=""img"" />","http://tomall.ru/cat/Karelian_Bobtail","2017-03-22 22:06:30",
"<img src=""C:\Users\verych\Documents\DataThief\images\011fec10475b560af2974f883ff0af84.jpeg"" border=""0"" class=""img"" />","http://tomall.ru/cat/Karelian_Bobtail","2017-03-22 23:29:50",
"<img src=""C:\Users\verych\Documents\DataThief\images\0d684cf08eaac652f0c5df45cc237a1e.jpeg"" border=""0"" class=""img"" />","http://tomall.ru/cat/Karelian_Bobtail","2017-03-23 00:53:10",
"<img src=""C:\Users\verych\Documents\DataThief\images\17acaa1567d8d832bb5ff782c6fcd3ea.jpeg"" border=""0"" class=""img"" />","http://tomall.ru/cat/Cymric","2017-03-23 02:16:30",
"<img src=""C:\Users\verych\Documents\DataThief\images\41a550767ca4125c05dd89868ca675ef.jpeg"" border=""0"" class=""img"" />","http://tomall.ru/cat/Cymric","2017-03-23 03:39:50",
"<img src=""C:\Users\verych\Documents\DataThief\images\e67004655dc0d8a402e1a182d3f21100.jpeg"" border=""0"" class=""img"" />","http://tomall.ru/cat/Cymric","2017-03-23 05:03:10",
"<img src=""C:\Users\verych\Documents\DataThief\images\3a80b3823b1c76a04e911e3bb0903e03.jpeg"" border=""0"" class=""img"" />","http://tomall.ru/cat/Chinese_Li_Hua","2017-03-23 06:26:30",
"<img src=""C:\Users\verych\Documents\DataThief\images\25c5afc584b3181b6e60cd208d7b007a.jpeg"" border=""0"" class=""img"" />","http://tomall.ru/cat/Chinese_Li_Hua","2017-03-23 07:49:50",
"<img src=""C:\Users\verych\Documents\DataThief\images\78d60df22cb1906dd3af973433a62113.jpeg"" border=""0"" class=""img"" />","http://tomall.ru/cat/Chinese_Li_Hua","2017-03-23 09:13:10",
"<img src=""C:\Users\verych\Documents\DataThief\images\c805969a5a01d3ee83aba77f8ccb30d6.jpeg"" border=""0"" class=""img"" />","http://tomall.ru/cat/Korat","2017-03-23 10:36:30",
"<img src=""C:\Users\verych\Documents\DataThief\images\b94f8d1102ba834ccfb63acb4d2a682a.jpeg"" border=""0"" class=""img"" />","http://tomall.ru/cat/Korat","2017-03-23 11:59:50",
"<img src=""C:\Users\verych\Documents\DataThief\images\1a304d6ce639e6e8d3434e908b71494b.jpeg"" border=""0"" class=""img"" />","http://tomall.ru/cat/Korat","2017-03-23 13:23:10",
"<img src=""C:\Users\verych\Documents\DataThief\images\e34c48a20ebfc83c667865448fc92ea6.jpeg"" border=""0"" class=""img"" />","http://tomall.ru/cat/Cornish_Rex","2017-03-23 14:46:30",
"<img src=""C:\Users\verych\Documents\DataThief\images\f33d6feca0aae705b51c36d081d742c6.jpeg"" border=""0"" class=""img"" />","http://tomall.ru/cat/Cornish_Rex","2017-03-23 16:09:50",
"<img src=""C:\Users\verych\Documents\DataThief\images\f8ca50b037d1e24f5fca668aa7ee8d8b.jpeg"" border=""0"" class=""img"" />","http://tomall.ru/cat/Cornish_Rex","2017-03-23 17:33:10",
"<img src=""C:\Users\verych\Documents\DataThief\images\98c69fb978b99d816d8b460a38c9468d.jpeg"" border=""0"" class=""img"" />","http://tomall.ru/cat/Kurilian_Bobtail","2017-03-23 18:56:30",
"<img src=""C:\Users\verych\Documents\DataThief\images\4cdebd61918d72342f1ea474705080cd.jpeg"" border=""0"" class=""img"" />","http://tomall.ru/cat/Kurilian_Bobtail","2017-03-23 20:19:50",
"<img src=""C:\Users\verych\Documents\DataThief\images\56b4ed5e2c161aa3d3bf33579c0bf311.jpeg"" border=""0"" class=""img"" />","http://tomall.ru/cat/Kurilian_Bobtail","2017-03-23 21:43:10",
"<img src=""C:\Users\verych\Documents\DataThief\images\1803ecba832e947962fc96da748fa960.jpeg"" border=""0"" class=""img"" />","http://tomall.ru/cat/LaPerm","2017-03-23 23:06:30",
"<img src=""C:\Users\verych\Documents\DataThief\images\caff82337b5a18ad40799eeaa5afb256.jpeg"" border=""0"" class=""img"" />","http://tomall.ru/cat/LaPerm","2017-03-24 00:29:50",
"<img src=""C:\Users\verych\Documents\DataThief\images\45f01db6a16cf3b6d8d225977ad7c76d.jpeg"" border=""0"" class=""img"" />","http://tomall.ru/cat/LaPerm","2017-03-24 01:53:10",
"<img src=""C:\Users\verych\Documents\DataThief\images\ad8dca2789e8134c68c1351bbd9cd4c7.jpeg"" border=""0"" class=""img"" />","http://tomall.ru/cat/Mandalay","2017-03-24 03:16:30",
"<img src=""C:\Users\verych\Documents\DataThief\images\f6d58485802f026e22992e2d890a726b.jpeg"" border=""0"" class=""img"" />","http://tomall.ru/cat/Mandalay","2017-03-24 04:39:50",
"<img src=""C:\Users\verych\Documents\DataThief\images\2a89156030a570f6693a449933575c8c.jpeg"" border=""0"" class=""img"" />","http://tomall.ru/cat/Mandalay","2017-03-24 06:03:10",
"<img src=""C:\Users\verych\Documents\DataThief\images\7007d05d86e815676dbe5550b2698e51.jpeg"" border=""0"" class=""img"" />","http://tomall.ru/cat/Munchkin","2017-03-24 07:26:30",
"<img src=""C:\Users\verych\Documents\DataThief\images\061827110bbf256f978cbc96f4aff723.jpeg"" border=""0"" class=""img"" />","http://tomall.ru/cat/Munchkin","2017-03-24 08:49:50",
"<img src=""C:\Users\verych\Documents\DataThief\images\bf84852073813969b43e4e1a9f9cb800.jpeg"" border=""0"" class=""img"" />","http://tomall.ru/cat/Munchkin","2017-03-24 10:13:10",
"<img src=""C:\Users\verych\Documents\DataThief\images\bf07c8cb3b5f72d4af2986b70a64a786.jpeg"" border=""0"" class=""img"" />","http://tomall.ru/cat/Maine_Coon","2017-03-24 11:36:30",
"<img src=""C:\Users\verych\Documents\DataThief\images\390f58bd929b80ceaa5bd9ead1957ada.jpeg"" border=""0"" class=""img"" />","http://tomall.ru/cat/Maine_Coon","2017-03-24 12:59:50",
"<img src=""C:\Users\verych\Documents\DataThief\images\bf0fac7ac543854827fd6e3e07fcd520.jpeg"" border=""0"" class=""img"" />","http://tomall.ru/cat/Maine_Coon","2017-03-24 14:23:10",
"<img src=""C:\Users\verych\Documents\DataThief\images\c3845783fd493eb622b5beec6837ec2d.jpeg"" border=""0"" class=""img"" />","http://tomall.ru/cat/Mekong_Bobtail","2017-03-24 15:46:30",
"<img src=""C:\Users\verych\Documents\DataThief\images\23e3d4f99f28295447a2bd78ca113f8e.jpeg"" border=""0"" class=""img"" />","http://tomall.ru/cat/Mekong_Bobtail","2017-03-24 17:09:50",
"<img src=""C:\Users\verych\Documents\DataThief\images\2da4ec22580ecc8810b04555e54144ed.jpeg"" border=""0"" class=""img"" />","http://tomall.ru/cat/Mekong_Bobtail","2017-03-24 18:33:10",
"<img src=""C:\Users\verych\Documents\DataThief\images\2ad5b7e781493117f4973b8012d39e77.jpeg"" border=""0"" class=""img"" />","http://tomall.ru/cat/Manx","2017-03-24 19:56:30",
"<img src=""C:\Users\verych\Documents\DataThief\images\73828c092e63790b3b81e3e4c6095dec.jpeg"" border=""0"" class=""img"" />","http://tomall.ru/cat/Manx","2017-03-24 21:19:50",
"<img src=""C:\Users\verych\Documents\DataThief\images\7aa92d354d057a5b6f1564db0a0f5baf.jpeg"" border=""0"" class=""img"" />","http://tomall.ru/cat/Manx","2017-03-24 22:43:10",
"<img src=""C:\Users\verych\Documents\DataThief\images\aa5c08bb7aca69895c615ddb2c234b58.jpeg"" border=""0"" class=""img"" />","http://tomall.ru/cat/Neva_Masquerade","2017-03-25 00:06:30",
"<img src=""C:\Users\verych\Documents\DataThief\images\2b6145a1914d36fe5772baafadbfbba2.jpeg"" border=""0"" class=""img"" />","http://tomall.ru/cat/Neva_Masquerade","2017-03-25 01:29:50",
"<img src=""C:\Users\verych\Documents\DataThief\images\2e32dea3ed473b30d9d5b1e35dfb0d89.jpeg"" border=""0"" class=""img"" />","http://tomall.ru/cat/Neva_Masquerade","2017-03-25 02:53:10",
"<img src=""C:\Users\verych\Documents\DataThief\images\60960ac1fd361e81b6b8aa6731193f78.jpeg"" border=""0"" class=""img"" />","http://tomall.ru/cat/Nebelung","2017-03-25 04:16:30",
"<img src=""C:\Users\verych\Documents\DataThief\images\d5bced6eb23b38b73fcdb55a8bb09190.jpeg"" border=""0"" class=""img"" />","http://tomall.ru/cat/Nebelung","2017-03-25 05:39:50",
"<img src=""C:\Users\verych\Documents\DataThief\images\94684322e60492a51686778708c674a9.jpeg"" border=""0"" class=""img"" />","http://tomall.ru/cat/Nebelung","2017-03-25 07:03:10",
"<img src=""C:\Users\verych\Documents\DataThief\images\ceeb00d61dac389b08f88e90f3d2dfec.jpeg"" border=""0"" class=""img"" />","http://tomall.ru/cat/Norwegian_Forest","2017-03-25 08:26:30",
"<img src=""C:\Users\verych\Documents\DataThief\images\8aaea27a87b20ada21f6fa37f8965bfd.jpeg"" border=""0"" class=""img"" />","http://tomall.ru/cat/Norwegian_Forest","2017-03-25 09:49:50",
"<img src=""C:\Users\verych\Documents\DataThief\images\dce8460349afecbd5b37a781f78f0d78.jpeg"" border=""0"" class=""img"" />","http://tomall.ru/cat/Norwegian_Forest","2017-03-25 11:13:10",
"<img src=""C:\Users\verych\Documents\DataThief\images\f4e0fd810c5db929aa61faad67b30cc4.jpeg"" border=""0"" class=""img"" />","http://tomall.ru/cat/Oriental_Shorthair","2017-03-25 12:36:30",
"<img src=""C:\Users\verych\Documents\DataThief\images\17203aad404f1b5005915a7449af0912.jpeg"" border=""0"" class=""img"" />","http://tomall.ru/cat/Oriental_Shorthair","2017-03-25 13:59:50",
"<img src=""C:\Users\verych\Documents\DataThief\images\00aa146429e101d00118091e6c229305.jpeg"" border=""0"" class=""img"" />","http://tomall.ru/cat/Oriental_Shorthair","2017-03-25 15:23:10",
"<img src=""C:\Users\verych\Documents\DataThief\images\d098b4f5af92d9270e62309ab5e34f14.jpeg"" border=""0"" class=""img"" />","http://tomall.ru/cat/Ojos_Azules","2017-03-25 16:46:30",
"<img src=""C:\Users\verych\Documents\DataThief\images\04edcf6fbbb08dc06db6e9012b43211e.jpeg"" border=""0"" class=""img"" />","http://tomall.ru/cat/Ojos_Azules","2017-03-25 18:09:50",
"<img src=""C:\Users\verych\Documents\DataThief\images\34710c35493e034331dbed863917cbb3.jpeg"" border=""0"" class=""img"" />","http://tomall.ru/cat/Ojos_Azules","2017-03-25 19:33:10",
"<img src=""C:\Users\verych\Documents\DataThief\images\88f9707d93b0dff3bb65a25d3c7733e0.jpeg"" border=""0"" class=""img"" />","http://tomall.ru/cat/Ocicat","2017-03-25 20:56:30",
"<img src=""C:\Users\verych\Documents\DataThief\images\a9d88fc137177807e66f8bdf14b8b781.jpeg"" border=""0"" class=""img"" />","http://tomall.ru/cat/Ocicat","2017-03-25 22:19:50",
"<img src=""C:\Users\verych\Documents\DataThief\images\671220f1c35904bda45496a5674e19c0.jpeg"" border=""0"" class=""img"" />","http://tomall.ru/cat/Ocicat","2017-03-25 23:43:10",
"<img src=""C:\Users\verych\Documents\DataThief\images\27859cc0506e0b204c92cb6c5b169d7c.jpeg"" border=""0"" class=""img"" />","http://tomall.ru/cat/Persian","2017-03-26 01:06:30",
"<img src=""C:\Users\verych\Documents\DataThief\images\66ade288e88c4f42d9d2e49b52cef304.jpeg"" border=""0"" class=""img"" />","http://tomall.ru/cat/Persian","2017-03-26 02:29:50",
"<img src=""C:\Users\verych\Documents\DataThief\images\61058405b6817c3d43c67f1a2b343e7a.jpeg"" border=""0"" class=""img"" />","http://tomall.ru/cat/Persian","2017-03-26 03:53:10",
"<img src=""C:\Users\verych\Documents\DataThief\images\505d40ba178a68edfe52cf2f2ca1bb36.jpeg"" border=""0"" class=""img"" />","http://tomall.ru/cat/Peterbald","2017-03-26 05:16:30",
"<img src=""C:\Users\verych\Documents\DataThief\images\5aef30ccf3e0904ae02fb43ce0f75151.jpeg"" border=""0"" class=""img"" />","http://tomall.ru/cat/Peterbald","2017-03-26 06:39:50",
"<img src=""C:\Users\verych\Documents\DataThief\images\559350be6611db8bbfc5f6f50607da27.jpeg"" border=""0"" class=""img"" />","http://tomall.ru/cat/Peterbald","2017-03-26 08:03:10",
"<img src=""C:\Users\verych\Documents\DataThief\images\13a7d9f93408bada11fb7a12bde728a5.jpeg"" border=""0"" class=""img"" />","http://tomall.ru/cat/Pixiebob","2017-03-26 09:26:30",
"<img src=""C:\Users\verych\Documents\DataThief\images\5504a8cbe75b1d6167bc99f4c9390e0c.jpeg"" border=""0"" class=""img"" />","http://tomall.ru/cat/Pixiebob","2017-03-26 10:49:50",
"<img src=""C:\Users\verych\Documents\DataThief\images\c894c93ee53e91ea77246bd13a7ce8eb.jpeg"" border=""0"" class=""img"" />","http://tomall.ru/cat/Pixiebob","2017-03-26 12:13:10",
"<img src=""C:\Users\verych\Documents\DataThief\images\f7d41b737cb0871093f1719757b4f094.jpeg"" border=""0"" class=""img"" />","http://tomall.ru/cat/Poodle_Cat","2017-03-26 13:36:30",
"<img src=""C:\Users\verych\Documents\DataThief\images\8a720ff4ffc18a451a8d4fe47022d576.jpeg"" border=""0"" class=""img"" />","http://tomall.ru/cat/Poodle_Cat","2017-03-26 14:59:50",
"<img src=""C:\Users\verych\Documents\DataThief\images\7620bfdb7fea61515f50d7e041530e4a.jpeg"" border=""0"" class=""img"" />","http://tomall.ru/cat/Poodle_Cat","2017-03-26 16:23:10",
"<img src=""C:\Users\verych\Documents\DataThief\images\a8bf0d51d49dcd061705f8deec967b9b.jpeg"" border=""0"" class=""img"" />","http://tomall.ru/cat/Ragamuffin","2017-03-26 17:46:30",
"<img src=""C:\Users\verych\Documents\DataThief\images\f3626ca02ed910affea014298717132c.jpeg"" border=""0"" class=""img"" />","http://tomall.ru/cat/Ragamuffin","2017-03-26 19:09:50",
"<img src=""C:\Users\verych\Documents\DataThief\images\32424203321b264bb4187a57609b8d93.jpeg"" border=""0"" class=""img"" />","http://tomall.ru/cat/Ragamuffin","2017-03-26 20:33:10",
"<img src=""C:\Users\verych\Documents\DataThief\images\80024f7860a4a01b70c02ba8c0d5aea2.jpeg"" border=""0"" class=""img"" />","http://tomall.ru/cat/Russian_Blue","2017-03-26 21:56:30",
"<img src=""C:\Users\verych\Documents\DataThief\images\ac9a767556499b8a94fc78c46e6d2430.jpeg"" border=""0"" class=""img"" />","http://tomall.ru/cat/Russian_Blue","2017-03-26 23:19:50",
"<img src=""C:\Users\verych\Documents\DataThief\images\b843c315e9fc4545affeab83304e46cf.jpeg"" border=""0"" class=""img"" />","http://tomall.ru/cat/Russian_Blue","2017-03-27 00:43:10",
"<img src=""C:\Users\verych\Documents\DataThief\images\998ccef17954d18cb5595831512d7dbe.jpeg"" border=""0"" class=""img"" />","http://tomall.ru/cat/Ragdoll","2017-03-27 02:06:30",
"<img src=""C:\Users\verych\Documents\DataThief\images\021f801346c122f47e15d0b602b0d2e8.jpeg"" border=""0"" class=""img"" />","http://tomall.ru/cat/Ragdoll","2017-03-27 03:29:50",
"<img src=""C:\Users\verych\Documents\DataThief\images\32dbea64baef9b8302de4a48925b383c.jpeg"" border=""0"" class=""img"" />","http://tomall.ru/cat/Ragdoll","2017-03-27 04:53:10",
"<img src=""C:\Users\verych\Documents\DataThief\images\46576a210d25ccc01b02c7ff7b75214f.jpeg"" border=""0"" class=""img"" />","http://tomall.ru/cat/Savannah","2017-03-27 06:16:30",
"<img src=""C:\Users\verych\Documents\DataThief\images\8cd06740d62cb33a0b8da08bcbc9ef50.jpeg"" border=""0"" class=""img"" />","http://tomall.ru/cat/Savannah","2017-03-27 07:39:50",
"<img src=""C:\Users\verych\Documents\DataThief\images\fc5941ca9884df5a59b8b94da09f75e5.jpeg"" border=""0"" class=""img"" />","http://tomall.ru/cat/Savannah","2017-03-27 09:03:10",
"<img src=""C:\Users\verych\Documents\DataThief\images\9b17527b025ba87e8f301a80d948325c.jpeg"" border=""0"" class=""img"" />","http://tomall.ru/cat/Selkirk_Rex","2017-03-27 10:26:30",
"<img src=""C:\Users\verych\Documents\DataThief\images\e0385137b38f357a79c3fb1e7aa9432e.jpeg"" border=""0"" class=""img"" />","http://tomall.ru/cat/Selkirk_Rex","2017-03-27 11:49:50",
"<img src=""C:\Users\verych\Documents\DataThief\images\827a66a0cd2033746fe8e8d2231e83b1.jpeg"" border=""0"" class=""img"" />","http://tomall.ru/cat/Selkirk_Rex","2017-03-27 13:13:10",
"<img src=""C:\Users\verych\Documents\DataThief\images\50a87ba102d8127e1a2583c35e62f751.jpeg"" border=""0"" class=""img"" />","http://tomall.ru/cat/Serengeti","2017-03-27 14:36:30",
"<img src=""C:\Users\verych\Documents\DataThief\images\fad5075fc530a8e90e6f832cfa616daa.jpeg"" border=""0"" class=""img"" />","http://tomall.ru/cat/Serengeti","2017-03-27 15:59:50",
"<img src=""C:\Users\verych\Documents\DataThief\images\46dac5222028a84f1ea1a5bc7836edba.jpeg"" border=""0"" class=""img"" />","http://tomall.ru/cat/Serengeti","2017-03-27 17:23:10",
"<img src=""C:\Users\verych\Documents\DataThief\images\4ff529df4b59af6af6768c92e07bcad5.jpeg"" border=""0"" class=""img"" />","http://tomall.ru/cat/Siamese","2017-03-27 18:46:30",
"<img src=""C:\Users\verych\Documents\DataThief\images\14273f3ccabc730037a036efb9d55483.jpeg"" border=""0"" class=""img"" />","http://tomall.ru/cat/Siamese","2017-03-27 20:09:50",
"<img src=""C:\Users\verych\Documents\DataThief\images\be368cc350e99301aa22428159b77899.jpeg"" border=""0"" class=""img"" />","http://tomall.ru/cat/Siamese","2017-03-27 21:33:10",
"<img src=""C:\Users\verych\Documents\DataThief\images\ea9634c338bf7c68372c17b605452b0b.jpeg"" border=""0"" class=""img"" />","http://tomall.ru/cat/Siberian","2017-03-27 22:56:30",
"<img src=""C:\Users\verych\Documents\DataThief\images\c71bf2a3b2fde9f40791fec691614d1d.jpeg"" border=""0"" class=""img"" />","http://tomall.ru/cat/Siberian","2017-03-28 00:19:50",
"<img src=""C:\Users\verych\Documents\DataThief\images\ea1445c58cb9b8e97de2e9efe7969d73.jpeg"" border=""0"" class=""img"" />","http://tomall.ru/cat/Siberian","2017-03-28 01:43:10",
"<img src=""C:\Users\verych\Documents\DataThief\images\4aece8563237313247b22436fcc1193d.jpeg"" border=""0"" class=""img"" />","http://tomall.ru/cat/Singapura","2017-03-28 03:06:30",
"<img src=""C:\Users\verych\Documents\DataThief\images\74e2ed6f33f92d62563c5c06fcc396d3.jpeg"" border=""0"" class=""img"" />","http://tomall.ru/cat/Singapura","2017-03-28 04:29:50",
"<img src=""C:\Users\verych\Documents\DataThief\images\c45d9118573fdc2c6d6eff9ae3fe2602.jpeg"" border=""0"" class=""img"" />","http://tomall.ru/cat/Singapura","2017-03-28 05:53:10",
"<img src=""C:\Users\verych\Documents\DataThief\images\5772242585f19459b37efbf4fa3fd38e.jpeg"" border=""0"" class=""img"" />","http://tomall.ru/cat/Scottish_Straight","2017-03-28 07:16:30",
"<img src=""C:\Users\verych\Documents\DataThief\images\1487d69a8f0450cb74976e815f1ff3db.jpeg"" border=""0"" class=""img"" />","http://tomall.ru/cat/Scottish_Straight","2017-03-28 08:39:50",
"<img src=""C:\Users\verych\Documents\DataThief\images\62e5a39e399cdd9b0a4e63cd6cebfd5b.jpeg"" border=""0"" class=""img"" />","http://tomall.ru/cat/Scottish_Straight","2017-03-28 10:03:10",
"<img src=""C:\Users\verych\Documents\DataThief\images\cf08826dd9e7aa52417754688a7d6331.jpeg"" border=""0"" class=""img"" />","http://tomall.ru/cat/Scottish_Fold_LH","2017-03-28 11:26:30",
"<img src=""C:\Users\verych\Documents\DataThief\images\4cdd89a16bad131c8aa8008b9f1f4f43.jpeg"" border=""0"" class=""img"" />","http://tomall.ru/cat/Scottish_Fold_LH","2017-03-28 12:49:50",
"<img src=""C:\Users\verych\Documents\DataThief\images\fac06e68b97e81bd88df9d0341bf546d.jpeg"" border=""0"" class=""img"" />","http://tomall.ru/cat/Scottish_Fold_LH","2017-03-28 14:13:10",
"<img src=""C:\Users\verych\Documents\DataThief\images\ad8ca1f00c329665c417d505074e42f0.jpeg"" border=""0"" class=""img"" />","http://tomall.ru/cat/Scottish_Fold_SH","2017-03-28 15:36:30",
"<img src=""C:\Users\verych\Documents\DataThief\images\4f6610078c3e0974df8a7de1d66eb200.jpeg"" border=""0"" class=""img"" />","http://tomall.ru/cat/Scottish_Fold_SH","2017-03-28 16:59:50",
"<img src=""C:\Users\verych\Documents\DataThief\images\2b4f218c03b0afc8e5ccf3259a456208.jpeg"" border=""0"" class=""img"" />","http://tomall.ru/cat/Scottish_Fold_SH","2017-03-28 18:23:10",
"<img src=""C:\Users\verych\Documents\DataThief\images\f494496ade181b29621633a1f1ab2561.jpeg"" border=""0"" class=""img"" />","http://tomall.ru/cat/Snowshoe","2017-03-28 19:46:30",
"<img src=""C:\Users\verych\Documents\DataThief\images\efdbcb4b30b05be5a5017ec1d3f4df0b.jpeg"" border=""0"" class=""img"" />","http://tomall.ru/cat/Snowshoe","2017-03-28 21:09:50",
"<img src=""C:\Users\verych\Documents\DataThief\images\07b729b778dea448f18949edf04165d0.jpeg"" border=""0"" class=""img"" />","http://tomall.ru/cat/Snowshoe","2017-03-28 22:33:10",
"<img src=""C:\Users\verych\Documents\DataThief\images\918501a4b60e4922970cdcfaf88a41ed.jpeg"" border=""0"" class=""img"" />","http://tomall.ru/cat/Somali","2017-03-28 23:56:30",
"<img src=""C:\Users\verych\Documents\DataThief\images\c4dc25f4bf7a46dfe26c05415e212ad6.jpeg"" border=""0"" class=""img"" />","http://tomall.ru/cat/Somali","2017-03-29 01:19:50",
"<img src=""C:\Users\verych\Documents\DataThief\images\cf034e271383e60366091c0ce28c3e08.jpeg"" border=""0"" class=""img"" />","http://tomall.ru/cat/Somali","2017-03-29 02:43:10",
"<img src=""C:\Users\verych\Documents\DataThief\images\52bcce124b300ce923736d81229f6035.jpeg"" border=""0"" class=""img"" />","http://tomall.ru/cat/Sokoke","2017-03-29 04:06:30",
"<img src=""C:\Users\verych\Documents\DataThief\images\be550a553e3a8fa4aeb1dcc6fa1b27f3.jpeg"" border=""0"" class=""img"" />","http://tomall.ru/cat/Sokoke","2017-03-29 05:29:50",
"<img src=""C:\Users\verych\Documents\DataThief\images\ed8074b8785113c3f022609bd35c94dc.jpeg"" border=""0"" class=""img"" />","http://tomall.ru/cat/Sokoke","2017-03-29 06:53:10",
"<img src=""C:\Users\verych\Documents\DataThief\images\5d6059f262d7a8a377cd41d7b98429c0.jpeg"" border=""0"" class=""img"" />","http://tomall.ru/cat/Sphynx","2017-03-29 08:16:30",
"<img src=""C:\Users\verych\Documents\DataThief\images\289f8c8bd7c8f889799f0924fb805694.jpeg"" border=""0"" class=""img"" />","http://tomall.ru/cat/Sphynx","2017-03-29 09:39:50",
"<img src=""C:\Users\verych\Documents\DataThief\images\272c68917e58cc65ee88c5958b4eec00.jpeg"" border=""0"" class=""img"" />","http://tomall.ru/cat/Sphynx","2017-03-29 11:03:10",
"<img src=""C:\Users\verych\Documents\DataThief\images\669ec7436d9f5873d6dc97eba13667ce.jpeg"" border=""0"" class=""img"" />","http://tomall.ru/cat/Thai","2017-03-29 12:26:30",
"<img src=""C:\Users\verych\Documents\DataThief\images\0f0b78f12f8e1d8f6cad3ecaadbcb506.jpeg"" border=""0"" class=""img"" />","http://tomall.ru/cat/Thai","2017-03-29 13:49:50",
"<img src=""C:\Users\verych\Documents\DataThief\images\6e4d380872052c9f71eb53232bab63b3.jpeg"" border=""0"" class=""img"" />","http://tomall.ru/cat/Thai","2017-03-29 15:13:10",
"<img src=""C:\Users\verych\Documents\DataThief\images\a143c2899e273a0159d326867197dc26.jpeg"" border=""0"" class=""img"" />","http://tomall.ru/cat/Tiffany","2017-03-29 16:36:30",
"<img src=""C:\Users\verych\Documents\DataThief\images\1ebc82c04ce2dbb939a7021a6fa4928a.jpeg"" border=""0"" class=""img"" />","http://tomall.ru/cat/Tiffany","2017-03-29 17:59:50",
"<img src=""C:\Users\verych\Documents\DataThief\images\3b70363e0a0695277ec2c04bdefdbd86.jpeg"" border=""0"" class=""img"" />","http://tomall.ru/cat/Tiffany","2017-03-29 19:23:10",
"<img src=""C:\Users\verych\Documents\DataThief\images\f8e96a875e545245efc28481f7d56364.jpeg"" border=""0"" class=""img"" />","http://tomall.ru/cat/Toy-Bobtail","2017-03-29 20:46:30",
"<img src=""C:\Users\verych\Documents\DataThief\images\161c3e47b11cc5785e7aa7cba7f5ec5c.jpeg"" border=""0"" class=""img"" />","http://tomall.ru/cat/Toy-Bobtail","2017-03-29 22:09:50",
"<img src=""C:\Users\verych\Documents\DataThief\images\a456d2d0cda3a18772439668d74a0fd9.jpeg"" border=""0"" class=""img"" />","http://tomall.ru/cat/Toy-Bobtail","2017-03-29 23:33:10",
"<img src=""C:\Users\verych\Documents\DataThief\images\34373de6fdec24261a93609f0fda75b6.jpeg"" border=""0"" class=""img"" />","http://tomall.ru/cat/Toyger","2017-03-30 00:56:30",
"<img src=""C:\Users\verych\Documents\DataThief\images\b9718c64f2bf41b3a3773d09fe39fe7d.jpeg"" border=""0"" class=""img"" />","http://tomall.ru/cat/Toyger","2017-03-30 02:19:50",
"<img src=""C:\Users\verych\Documents\DataThief\images\ca0d554960e386a7da063654e9cef60b.jpeg"" border=""0"" class=""img"" />","http://tomall.ru/cat/Toyger","2017-03-30 03:43:10",
"<img src=""C:\Users\verych\Documents\DataThief\images\6c138c11945011937640a7bddb4d0a4d.jpeg"" border=""0"" class=""img"" />","http://tomall.ru/cat/Tonkinese","2017-03-30 05:06:30",
"<img src=""C:\Users\verych\Documents\DataThief\images\4e488cf76a1ecc7609970ce60c08c7a6.jpeg"" border=""0"" class=""img"" />","http://tomall.ru/cat/Tonkinese","2017-03-30 06:29:50",
"<img src=""C:\Users\verych\Documents\DataThief\images\776440b6badb9fc7919954aa0976f487.jpeg"" border=""0"" class=""img"" />","http://tomall.ru/cat/Tonkinese","2017-03-30 07:53:10",
"<img src=""C:\Users\verych\Documents\DataThief\images\4697bcb34ffcc57c9636d3fe584ddb04.jpeg"" border=""0"" class=""img"" />","http://tomall.ru/cat/Turkish_Angora","2017-03-30 09:16:30",
"<img src=""C:\Users\verych\Documents\DataThief\images\cf024097518d4140c2b968f722fbd1a2.jpeg"" border=""0"" class=""img"" />","http://tomall.ru/cat/Turkish_Angora","2017-03-30 10:39:50",
"<img src=""C:\Users\verych\Documents\DataThief\images\830ec23184462a3ebd730ea0da65aabc.jpeg"" border=""0"" class=""img"" />","http://tomall.ru/cat/Turkish_Angora","2017-03-30 12:03:10",
"<img src=""C:\Users\verych\Documents\DataThief\images\d4736a24b1536b75ac7fcec51aa34e80.jpeg"" border=""0"" class=""img"" />","http://tomall.ru/cat/Turkish_Van","2017-03-30 13:26:30",
"<img src=""C:\Users\verych\Documents\DataThief\images\0e9a8fe81d7c5e72c8c5dfa99c5ccb1d.jpeg"" border=""0"" class=""img"" />","http://tomall.ru/cat/Turkish_Van","2017-03-30 14:49:50",
"<img src=""C:\Users\verych\Documents\DataThief\images\2e76d36e503db830ab900d710b485951.jpeg"" border=""0"" class=""img"" />","http://tomall.ru/cat/Turkish_Van","2017-03-30 16:13:10",
"<img src=""C:\Users\verych\Documents\DataThief\images\ec5b85aa886e3b8e77a0f8f08f431e08.jpeg"" border=""0"" class=""img"" />","http://tomall.ru/cat/Ural_Rex","2017-03-30 17:36:30",
"<img src=""C:\Users\verych\Documents\DataThief\images\a914dba450f236c1732f3d67a62df927.jpeg"" border=""0"" class=""img"" />","http://tomall.ru/cat/Ural_Rex","2017-03-30 18:59:50",
"<img src=""C:\Users\verych\Documents\DataThief\images\015482b754ecd17c3016257263b63bbc.jpeg"" border=""0"" class=""img"" />","http://tomall.ru/cat/Ural_Rex","2017-03-30 20:23:10",
"<img src=""C:\Users\verych\Documents\DataThief\images\34cad7288a76bf3406872e1a8a2253e2.jpeg"" border=""0"" class=""img"" />","http://tomall.ru/cat/Ussuri","2017-03-30 21:46:30",
"<img src=""C:\Users\verych\Documents\DataThief\images\32fe9295b8fcef50da351a46bcffe425.jpeg"" border=""0"" class=""img"" />","http://tomall.ru/cat/Ussuri","2017-03-30 23:09:50",
"<img src=""C:\Users\verych\Documents\DataThief\images\8b52d9684f43a8cee6555a258e009b43.jpeg"" border=""0"" class=""img"" />","http://tomall.ru/cat/Ussuri","2017-03-31 00:33:10",
"<img src=""C:\Users\verych\Documents\DataThief\images\e82270daa523625817dbecdff312722c.jpeg"" border=""0"" class=""img"" />","http://tomall.ru/cat/Ceylon","2017-03-31 01:56:30",
"<img src=""C:\Users\verych\Documents\DataThief\images\2615fc6fc0d645f8191d387064ca819a.jpeg"" border=""0"" class=""img"" />","http://tomall.ru/cat/Ceylon","2017-03-31 03:19:50",
"<img src=""C:\Users\verych\Documents\DataThief\images\b91be1a557a43524e4f39b0a1a4864b3.jpeg"" border=""0"" class=""img"" />","http://tomall.ru/cat/Ceylon","2017-03-31 04:43:10",
"<img src=""C:\Users\verych\Documents\DataThief\images\f41909e14f69cc91e719ce7a6243d7dd.jpeg"" border=""0"" class=""img"" />","http://tomall.ru/cat/Chausie","2017-03-31 06:06:30",
"<img src=""C:\Users\verych\Documents\DataThief\images\ac836f736ae63562906406edb0e20b23.jpeg"" border=""0"" class=""img"" />","http://tomall.ru/cat/Chausie","2017-03-31 07:29:50",
"<img src=""C:\Users\verych\Documents\DataThief\images\466d71d5cef2cdcf8c2d0b33ec6f12e6.jpeg"" border=""0"" class=""img"" />","http://tomall.ru/cat/Chausie","2017-03-31 08:53:10",
"<img src=""C:\Users\verych\Documents\DataThief\images\6514e3822ee9a93fe6ff22d7253031ef.jpeg"" border=""0"" class=""img"" />","http://tomall.ru/cat/Chartreux","2017-03-31 10:16:30",
"<img src=""C:\Users\verych\Documents\DataThief\images\4778388fe795cebe21c011c6e93df087.jpeg"" border=""0"" class=""img"" />","http://tomall.ru/cat/Chartreux","2017-03-31 11:39:50",
"<img src=""C:\Users\verych\Documents\DataThief\images\5dde9ac8030f72fc1bc1722a73cafb00.jpeg"" border=""0"" class=""img"" />","http://tomall.ru/cat/Chartreux","2017-03-31 13:03:10",
"<img src=""C:\Users\verych\Documents\DataThief\images\7a2866d7ec27640bdc3fd4dfc93bbb75.jpeg"" border=""0"" class=""img"" />","http://tomall.ru/cat/Exotic_Shorthair","2017-03-31 14:26:30",
"<img src=""C:\Users\verych\Documents\DataThief\images\29b475aea883d9524ace8a41e5993a3c.jpeg"" border=""0"" class=""img"" />","http://tomall.ru/cat/Exotic_Shorthair","2017-03-31 15:49:50",
"<img src=""C:\Users\verych\Documents\DataThief\images\04f9bca5a6369425786bae3abd95899f.jpeg"" border=""0"" class=""img"" />","http://tomall.ru/cat/Exotic_Shorthair","2017-03-31 17:13:10",
"<img src=""C:\Users\verych\Documents\DataThief\images\0eb648117b14273487810cd804f3144d.jpeg"" border=""0"" class=""img"" />","http://tomall.ru/cat/Javanese","2017-03-31 18:36:30",
"<img src=""C:\Users\verych\Documents\DataThief\images\f3eaaef213c8bf16a389fd177ec63eea.jpeg"" border=""0"" class=""img"" />","http://tomall.ru/cat/Javanese","2017-03-31 19:59:50",
"<img src=""C:\Users\verych\Documents\DataThief\images\64fdeeb9d113bc857703cd0d735a225a.jpeg"" border=""0"" class=""img"" />","http://tomall.ru/cat/Javanese","2017-03-31 21:23:10",
"<img src=""C:\Users\verych\Documents\DataThief\images\841b1e09631fcab513a8064527770f3b.jpeg"" border=""0"" class=""img"" />","http://tomall.ru/cat/Japanese_Bobtail","2017-03-31 22:46:30",
"<img src=""C:\Users\verych\Documents\DataThief\images\4256e27dc8dc8a48c998dfbb16b727b0.jpeg"" border=""0"" class=""img"" />","http://tomall.ru/cat/Japanese_Bobtail","2017-04-01 00:09:50",
"<img src=""C:\Users\verych\Documents\DataThief\images\4a16d3b386bdca11c271156dfb6d7a2a.jpeg"" border=""0"" class=""img"" />","http://tomall.ru/cat/Japanese_Bobtail","2017-04-01 01:33:10",
