"abissinskaya","/wiki/assets/img/photogalary/abissinskaya/img3.jpg","http://zooglobal.ru/wiki/koshki-photo","2017-03-22 23:12:27",
"abissinskaya","/wiki/assets/img/photogalary/abissinskaya/img1.jpg","http://zooglobal.ru/wiki/koshki-photo","2017-03-23 00:35:47",
"abissinskaya","/wiki/assets/img/photogalary/abissinskaya/img2.jpg","http://zooglobal.ru/wiki/koshki-photo","2017-03-23 01:59:07",
"abissinskaya","/wiki/assets/img/photogalary/abissinskaya/img4.jpg","http://zooglobal.ru/wiki/koshki-photo","2017-03-23 03:22:27",
"abissinskaya","/wiki/assets/img/photogalary/abissinskaya/img5.jpg","http://zooglobal.ru/wiki/koshki-photo","2017-03-23 04:45:47",
"avstralijskaya-dyimchataya-koshka-avstralijskij-mist","/wiki/assets/img/photogalary/avstralijskaya-dyimchataya-koshka-avstralijskij-mist/img3.jpg","http://zooglobal.ru/wiki/koshki-photo","2017-03-23 06:09:07",
"avstralijskaya-dyimchataya-koshka-avstralijskij-mist","/wiki/assets/img/photogalary/avstralijskaya-dyimchataya-koshka-avstralijskij-mist/img1.jpg","http://zooglobal.ru/wiki/koshki-photo","2017-03-23 07:32:27",
"avstralijskaya-dyimchataya-koshka-avstralijskij-mist","/wiki/assets/img/photogalary/avstralijskaya-dyimchataya-koshka-avstralijskij-mist/img2.jpg","http://zooglobal.ru/wiki/koshki-photo","2017-03-23 08:55:47",
"avstralijskaya-dyimchataya-koshka-avstralijskij-mist","/wiki/assets/img/photogalary/avstralijskaya-dyimchataya-koshka-avstralijskij-mist/img4.jpg","http://zooglobal.ru/wiki/koshki-photo","2017-03-23 10:19:07",
"avstralijskaya-dyimchataya-koshka-avstralijskij-mist","/wiki/assets/img/photogalary/avstralijskaya-dyimchataya-koshka-avstralijskij-mist/img5.jpg","http://zooglobal.ru/wiki/koshki-photo","2017-03-23 11:42:27",
"aziatskaya-dyimchataya-koshka-burmuar","/wiki/assets/img/photogalary/aziatskaya-dyimchataya-koshka-burmuar/img3.jpg","http://zooglobal.ru/wiki/koshki-photo","2017-03-23 13:05:47",
"aziatskaya-dyimchataya-koshka-burmuar","/wiki/assets/img/photogalary/aziatskaya-dyimchataya-koshka-burmuar/img1.jpg","http://zooglobal.ru/wiki/koshki-photo","2017-03-23 14:29:07",
"aziatskaya-dyimchataya-koshka-burmuar","/wiki/assets/img/photogalary/aziatskaya-dyimchataya-koshka-burmuar/img2.jpg","http://zooglobal.ru/wiki/koshki-photo","2017-03-23 15:52:27",
"aziatskaya-dyimchataya-koshka-burmuar","/wiki/assets/img/photogalary/aziatskaya-dyimchataya-koshka-burmuar/img4.jpg","http://zooglobal.ru/wiki/koshki-photo","2017-03-23 17:15:47",
"aziatskaya-dyimchataya-koshka-burmuar","/wiki/assets/img/photogalary/aziatskaya-dyimchataya-koshka-burmuar/img5.jpg","http://zooglobal.ru/wiki/koshki-photo","2017-03-23 18:39:07",
"aziatskaya-tabbi","/wiki/assets/img/photogalary/aziatskaya-tabbi/img3.jpg","http://zooglobal.ru/wiki/koshki-photo","2017-03-23 20:02:27",
"aziatskaya-tabbi","/wiki/assets/img/photogalary/aziatskaya-tabbi/img1.jpg","http://zooglobal.ru/wiki/koshki-photo","2017-03-23 21:25:47",
"aziatskaya-tabbi","/wiki/assets/img/photogalary/aziatskaya-tabbi/img2.jpg","http://zooglobal.ru/wiki/koshki-photo","2017-03-23 22:49:07",
"aziatskaya-tabbi","/wiki/assets/img/photogalary/aziatskaya-tabbi/img4.jpg","http://zooglobal.ru/wiki/koshki-photo","2017-03-24 00:12:27",
"aziatskaya-tabbi","/wiki/assets/img/photogalary/aziatskaya-tabbi/img5.jpg","http://zooglobal.ru/wiki/koshki-photo","2017-03-24 01:35:47",
"amerikanskij-kerl","/wiki/assets/img/photogalary/amerikanskij-kerl/img3.jpg","http://zooglobal.ru/wiki/koshki-photo","2017-03-24 02:59:07",
"amerikanskij-kerl","/wiki/assets/img/photogalary/amerikanskij-kerl/img1.jpg","http://zooglobal.ru/wiki/koshki-photo","2017-03-24 04:22:27",
"amerikanskij-kerl","/wiki/assets/img/photogalary/amerikanskij-kerl/img2.jpg","http://zooglobal.ru/wiki/koshki-photo","2017-03-24 05:45:47",
"amerikanskij-kerl","/wiki/assets/img/photogalary/amerikanskij-kerl/img4.jpg","http://zooglobal.ru/wiki/koshki-photo","2017-03-24 07:09:07",
"amerikanskij-kerl","/wiki/assets/img/photogalary/amerikanskij-kerl/img5.jpg","http://zooglobal.ru/wiki/koshki-photo","2017-03-24 08:32:27",
"anatolijskaya-koshka-tureczkaya-korotkosherstnaya","/wiki/assets/img/photogalary/anatolijskaya-koshka-tureczkaya-korotkosherstnaya/img3.jpg","http://zooglobal.ru/wiki/koshki-photo","2017-03-24 09:55:47",
"anatolijskaya-koshka-tureczkaya-korotkosherstnaya","/wiki/assets/img/photogalary/anatolijskaya-koshka-tureczkaya-korotkosherstnaya/img1.jpg","http://zooglobal.ru/wiki/koshki-photo","2017-03-24 11:19:07",
"anatolijskaya-koshka-tureczkaya-korotkosherstnaya","/wiki/assets/img/photogalary/anatolijskaya-koshka-tureczkaya-korotkosherstnaya/img2.jpg","http://zooglobal.ru/wiki/koshki-photo","2017-03-24 12:42:27",
"anatolijskaya-koshka-tureczkaya-korotkosherstnaya","/wiki/assets/img/photogalary/anatolijskaya-koshka-tureczkaya-korotkosherstnaya/img4.jpg","http://zooglobal.ru/wiki/koshki-photo","2017-03-24 14:05:47",
"anatolijskaya-koshka-tureczkaya-korotkosherstnaya","/wiki/assets/img/photogalary/anatolijskaya-koshka-tureczkaya-korotkosherstnaya/img5.jpg","http://zooglobal.ru/wiki/koshki-photo","2017-03-24 15:29:07",
"ashera","/wiki/assets/img/photogalary/ashera/img3.jpg","http://zooglobal.ru/wiki/koshki-photo","2017-03-24 16:52:27",
"ashera","/wiki/assets/img/photogalary/ashera/img1.jpg","http://zooglobal.ru/wiki/koshki-photo","2017-03-24 18:15:47",
"ashera","/wiki/assets/img/photogalary/ashera/img2.jpg","http://zooglobal.ru/wiki/koshki-photo","2017-03-24 19:39:07",
"ashera","/wiki/assets/img/photogalary/ashera/img4.jpg","http://zooglobal.ru/wiki/koshki-photo","2017-03-24 21:02:27",
"ashera","/wiki/assets/img/photogalary/ashera/img5.jpg","http://zooglobal.ru/wiki/koshki-photo","2017-03-24 22:25:47",
"balinezijskaya-balinez","/wiki/assets/img/photogalary/balinezijskaya-balinez/img3.jpg","http://zooglobal.ru/wiki/koshki-photo","2017-03-24 23:49:07",
"balinezijskaya-balinez","/wiki/assets/img/photogalary/balinezijskaya-balinez/img1.jpg","http://zooglobal.ru/wiki/koshki-photo","2017-03-25 01:12:27",
"balinezijskaya-balinez","/wiki/assets/img/photogalary/balinezijskaya-balinez/img2.jpg","http://zooglobal.ru/wiki/koshki-photo","2017-03-25 02:35:47",
"balinezijskaya-balinez","/wiki/assets/img/photogalary/balinezijskaya-balinez/img4.jpg","http://zooglobal.ru/wiki/koshki-photo","2017-03-25 03:59:07",
"balinezijskaya-balinez","/wiki/assets/img/photogalary/balinezijskaya-balinez/img5.jpg","http://zooglobal.ru/wiki/koshki-photo","2017-03-25 05:22:27",
"bambino","/wiki/assets/img/photogalary/bambino/img3.jpg","http://zooglobal.ru/wiki/koshki-photo","2017-03-25 06:45:47",
"bambino","/wiki/assets/img/photogalary/bambino/img1.jpg","http://zooglobal.ru/wiki/koshki-photo","2017-03-25 08:09:07",
"bambino","/wiki/assets/img/photogalary/bambino/img2.jpg","http://zooglobal.ru/wiki/koshki-photo","2017-03-25 09:32:27",
"bambino","/wiki/assets/img/photogalary/bambino/img4.jpg","http://zooglobal.ru/wiki/koshki-photo","2017-03-25 10:55:47",
"bambino","/wiki/assets/img/photogalary/bambino/img5.jpg","http://zooglobal.ru/wiki/koshki-photo","2017-03-25 12:19:07",
"bengalskaya-koshka-bengal","/wiki/assets/img/photogalary/bengalskaya-koshka-bengal/img3.jpg","http://zooglobal.ru/wiki/koshki-photo","2017-03-25 13:42:27",
"bengalskaya-koshka-bengal","/wiki/assets/img/photogalary/bengalskaya-koshka-bengal/img1.jpg","http://zooglobal.ru/wiki/koshki-photo","2017-03-25 15:05:47",
"bengalskaya-koshka-bengal","/wiki/assets/img/photogalary/bengalskaya-koshka-bengal/img2.jpg","http://zooglobal.ru/wiki/koshki-photo","2017-03-25 16:29:07",
"bengalskaya-koshka-bengal","/wiki/assets/img/photogalary/bengalskaya-koshka-bengal/img4.jpg","http://zooglobal.ru/wiki/koshki-photo","2017-03-25 17:52:27",
"bengalskaya-koshka-bengal","/wiki/assets/img/photogalary/bengalskaya-koshka-bengal/img5.jpg","http://zooglobal.ru/wiki/koshki-photo","2017-03-25 19:15:47",
"birmanskaya","/wiki/assets/img/photogalary/birmanskaya/img3.jpg","http://zooglobal.ru/wiki/koshki-photo","2017-03-25 20:39:07",
"birmanskaya","/wiki/assets/img/photogalary/birmanskaya/img1.jpg","http://zooglobal.ru/wiki/koshki-photo","2017-03-25 22:02:27",
"birmanskaya","/wiki/assets/img/photogalary/birmanskaya/img2.jpg","http://zooglobal.ru/wiki/koshki-photo","2017-03-25 23:25:47",
"birmanskaya","/wiki/assets/img/photogalary/birmanskaya/img4.jpg","http://zooglobal.ru/wiki/koshki-photo","2017-03-26 00:49:07",
"birmanskaya","/wiki/assets/img/photogalary/birmanskaya/img5.jpg","http://zooglobal.ru/wiki/koshki-photo","2017-03-26 02:12:27",
"brazilskaya-korotkosherstnaya-koshka","/wiki/assets/img/photogalary/brazilskaya-korotkosherstnaya-koshka/img3.jpg","http://zooglobal.ru/wiki/koshki-photo","2017-03-26 03:35:47",
"brazilskaya-korotkosherstnaya-koshka","/wiki/assets/img/photogalary/brazilskaya-korotkosherstnaya-koshka/img1.jpg","http://zooglobal.ru/wiki/koshki-photo","2017-03-26 04:59:07",
"brazilskaya-korotkosherstnaya-koshka","/wiki/assets/img/photogalary/brazilskaya-korotkosherstnaya-koshka/img2.jpg","http://zooglobal.ru/wiki/koshki-photo","2017-03-26 06:22:27",
"brazilskaya-korotkosherstnaya-koshka","/wiki/assets/img/photogalary/brazilskaya-korotkosherstnaya-koshka/img4.jpg","http://zooglobal.ru/wiki/koshki-photo","2017-03-26 07:45:47",
"brazilskaya-korotkosherstnaya-koshka","/wiki/assets/img/photogalary/brazilskaya-korotkosherstnaya-koshka/img5.jpg","http://zooglobal.ru/wiki/koshki-photo","2017-03-26 09:09:07",
"britanskaya-korotkosherstnaya-koshka","/wiki/assets/img/photogalary/britanskaya-korotkosherstnaya-koshka/img3.jpg","http://zooglobal.ru/wiki/koshki-photo","2017-03-26 10:32:27",
"britanskaya-korotkosherstnaya-koshka","/wiki/assets/img/photogalary/britanskaya-korotkosherstnaya-koshka/img1.jpg","http://zooglobal.ru/wiki/koshki-photo","2017-03-26 11:55:47",
"britanskaya-korotkosherstnaya-koshka","/wiki/assets/img/photogalary/britanskaya-korotkosherstnaya-koshka/img2.jpg","http://zooglobal.ru/wiki/koshki-photo","2017-03-26 13:19:07",
"britanskaya-korotkosherstnaya-koshka","/wiki/assets/img/photogalary/britanskaya-korotkosherstnaya-koshka/img4.jpg","http://zooglobal.ru/wiki/koshki-photo","2017-03-26 14:42:27",
"britanskaya-korotkosherstnaya-koshka","/wiki/assets/img/photogalary/britanskaya-korotkosherstnaya-koshka/img5.jpg","http://zooglobal.ru/wiki/koshki-photo","2017-03-26 16:05:47",
"burmanskaya","/wiki/assets/img/photogalary/burmanskaya/img3.jpg","http://zooglobal.ru/wiki/koshki-photo","2017-03-26 17:29:07",
"burmanskaya","/wiki/assets/img/photogalary/burmanskaya/img1.jpg","http://zooglobal.ru/wiki/koshki-photo","2017-03-26 18:52:27",
"burmanskaya","/wiki/assets/img/photogalary/burmanskaya/img2.jpg","http://zooglobal.ru/wiki/koshki-photo","2017-03-26 20:15:47",
"burmanskaya","/wiki/assets/img/photogalary/burmanskaya/img4.jpg","http://zooglobal.ru/wiki/koshki-photo","2017-03-26 21:39:07",
"burmanskaya","/wiki/assets/img/photogalary/burmanskaya/img5.jpg","http://zooglobal.ru/wiki/koshki-photo","2017-03-26 23:02:27",
"burmilla","/wiki/assets/img/photogalary/burmilla/img3.jpg","http://zooglobal.ru/wiki/koshki-photo","2017-03-27 00:25:47",
"burmilla","/wiki/assets/img/photogalary/burmilla/img1.jpg","http://zooglobal.ru/wiki/koshki-photo","2017-03-27 01:49:07",
"burmilla","/wiki/assets/img/photogalary/burmilla/img2.jpg","http://zooglobal.ru/wiki/koshki-photo","2017-03-27 03:12:27",
"burmilla","/wiki/assets/img/photogalary/burmilla/img4.jpg","http://zooglobal.ru/wiki/koshki-photo","2017-03-27 04:35:47",
"burmilla","/wiki/assets/img/photogalary/burmilla/img5.jpg","http://zooglobal.ru/wiki/koshki-photo","2017-03-27 05:59:07",
"gavana","/wiki/assets/img/photogalary/gavana/img3.jpg","http://zooglobal.ru/wiki/koshki-photo","2017-03-27 07:22:27",
"gavana","/wiki/assets/img/photogalary/gavana/img1.jpg","http://zooglobal.ru/wiki/koshki-photo","2017-03-27 08:45:47",
"gavana","/wiki/assets/img/photogalary/gavana/img2.jpg","http://zooglobal.ru/wiki/koshki-photo","2017-03-27 10:09:07",
"gavana","/wiki/assets/img/photogalary/gavana/img4.jpg","http://zooglobal.ru/wiki/koshki-photo","2017-03-27 11:32:27",
"gavana","/wiki/assets/img/photogalary/gavana/img5.jpg","http://zooglobal.ru/wiki/koshki-photo","2017-03-27 12:55:47",
"german-reks-nemeczkij-reks-prusskij-reks","/wiki/assets/img/photogalary/german-reks-nemeczkij-reks-prusskij-reks/img3.jpg","http://zooglobal.ru/wiki/koshki-photo","2017-03-27 14:19:07",
"german-reks-nemeczkij-reks-prusskij-reks","/wiki/assets/img/photogalary/german-reks-nemeczkij-reks-prusskij-reks/img1.jpg","http://zooglobal.ru/wiki/koshki-photo","2017-03-27 15:42:27",
"german-reks-nemeczkij-reks-prusskij-reks","/wiki/assets/img/photogalary/german-reks-nemeczkij-reks-prusskij-reks/img2.jpg","http://zooglobal.ru/wiki/koshki-photo","2017-03-27 17:05:47",
"german-reks-nemeczkij-reks-prusskij-reks","/wiki/assets/img/photogalary/german-reks-nemeczkij-reks-prusskij-reks/img4.jpg","http://zooglobal.ru/wiki/koshki-photo","2017-03-27 18:29:07",
"german-reks-nemeczkij-reks-prusskij-reks","/wiki/assets/img/photogalary/german-reks-nemeczkij-reks-prusskij-reks/img5.jpg","http://zooglobal.ru/wiki/koshki-photo","2017-03-27 19:52:27",
"gimalajskaya-koshka-persidskij-kolor-pojnt","/wiki/assets/img/photogalary/gimalajskaya-koshka-persidskij-kolor-pojnt/img3.jpg","http://zooglobal.ru/wiki/koshki-photo","2017-03-27 21:15:47",
"gimalajskaya-koshka-persidskij-kolor-pojnt","/wiki/assets/img/photogalary/gimalajskaya-koshka-persidskij-kolor-pojnt/img1.jpg","http://zooglobal.ru/wiki/koshki-photo","2017-03-27 22:39:07",
"gimalajskaya-koshka-persidskij-kolor-pojnt","/wiki/assets/img/photogalary/gimalajskaya-koshka-persidskij-kolor-pojnt/img2.jpg","http://zooglobal.ru/wiki/koshki-photo","2017-03-28 00:02:27",
"gimalajskaya-koshka-persidskij-kolor-pojnt","/wiki/assets/img/photogalary/gimalajskaya-koshka-persidskij-kolor-pojnt/img4.jpg","http://zooglobal.ru/wiki/koshki-photo","2017-03-28 01:25:47",
"gimalajskaya-koshka-persidskij-kolor-pojnt","/wiki/assets/img/photogalary/gimalajskaya-koshka-persidskij-kolor-pojnt/img5.jpg","http://zooglobal.ru/wiki/koshki-photo","2017-03-28 02:49:07",
"devon-reks","/wiki/assets/img/photogalary/devon-reks/img3.jpg","http://zooglobal.ru/wiki/koshki-photo","2017-03-28 04:12:27",
"devon-reks","/wiki/assets/img/photogalary/devon-reks/img1.jpg","http://zooglobal.ru/wiki/koshki-photo","2017-03-28 05:35:47",
"devon-reks","/wiki/assets/img/photogalary/devon-reks/img2.jpg","http://zooglobal.ru/wiki/koshki-photo","2017-03-28 06:59:07",
"devon-reks","/wiki/assets/img/photogalary/devon-reks/img4.jpg","http://zooglobal.ru/wiki/koshki-photo","2017-03-28 08:22:27",
"devon-reks","/wiki/assets/img/photogalary/devon-reks/img5.jpg","http://zooglobal.ru/wiki/koshki-photo","2017-03-28 09:45:47",
"domashnij-karakal","/wiki/assets/img/photogalary/domashnij-karakal/img3.jpg","http://zooglobal.ru/wiki/koshki-photo","2017-03-28 11:09:07",
"domashnij-karakal","/wiki/assets/img/photogalary/domashnij-karakal/img1.jpg","http://zooglobal.ru/wiki/koshki-photo","2017-03-28 12:32:27",
"domashnij-karakal","/wiki/assets/img/photogalary/domashnij-karakal/img2.jpg","http://zooglobal.ru/wiki/koshki-photo","2017-03-28 13:55:47",
"domashnij-karakal","/wiki/assets/img/photogalary/domashnij-karakal/img4.jpg","http://zooglobal.ru/wiki/koshki-photo","2017-03-28 15:19:07",
"domashnij-karakal","/wiki/assets/img/photogalary/domashnij-karakal/img5.jpg","http://zooglobal.ru/wiki/koshki-photo","2017-03-28 16:42:27",
"donskoj-sfinks","/wiki/assets/img/photogalary/donskoj-sfinks/img3.jpg","http://zooglobal.ru/wiki/koshki-photo","2017-03-28 18:05:47",
"donskoj-sfinks","/wiki/assets/img/photogalary/donskoj-sfinks/img1.jpg","http://zooglobal.ru/wiki/koshki-photo","2017-03-28 19:29:07",
"donskoj-sfinks","/wiki/assets/img/photogalary/donskoj-sfinks/img2.jpg","http://zooglobal.ru/wiki/koshki-photo","2017-03-28 20:52:27",
"donskoj-sfinks","/wiki/assets/img/photogalary/donskoj-sfinks/img4.jpg","http://zooglobal.ru/wiki/koshki-photo","2017-03-28 22:15:47",
"donskoj-sfinks","/wiki/assets/img/photogalary/donskoj-sfinks/img5.jpg","http://zooglobal.ru/wiki/koshki-photo","2017-03-28 23:39:07",
"evroaziatskaya-ryis-obyiknovennaya-ryis","/wiki/assets/img/photogalary/evroaziatskaya-ryis-obyiknovennaya-ryis/img3.jpg","http://zooglobal.ru/wiki/koshki-photo","2017-03-29 01:02:27",
"evroaziatskaya-ryis-obyiknovennaya-ryis","/wiki/assets/img/photogalary/evroaziatskaya-ryis-obyiknovennaya-ryis/img1.jpg","http://zooglobal.ru/wiki/koshki-photo","2017-03-29 02:25:47",
"evroaziatskaya-ryis-obyiknovennaya-ryis","/wiki/assets/img/photogalary/evroaziatskaya-ryis-obyiknovennaya-ryis/img2.jpg","http://zooglobal.ru/wiki/koshki-photo","2017-03-29 03:49:07",
"evroaziatskaya-ryis-obyiknovennaya-ryis","/wiki/assets/img/photogalary/evroaziatskaya-ryis-obyiknovennaya-ryis/img4.jpg","http://zooglobal.ru/wiki/koshki-photo","2017-03-29 05:12:27",
"evroaziatskaya-ryis-obyiknovennaya-ryis","/wiki/assets/img/photogalary/evroaziatskaya-ryis-obyiknovennaya-ryis/img5.jpg","http://zooglobal.ru/wiki/koshki-photo","2017-03-29 06:35:47",
"evropejskaya-dikaya-lesnaya-koshka","/wiki/assets/img/photogalary/evropejskaya-dikaya-lesnaya-koshka/img3.jpg","http://zooglobal.ru/wiki/koshki-photo","2017-03-29 07:59:07",
"evropejskaya-dikaya-lesnaya-koshka","/wiki/assets/img/photogalary/evropejskaya-dikaya-lesnaya-koshka/img1.jpg","http://zooglobal.ru/wiki/koshki-photo","2017-03-29 09:22:27",
"evropejskaya-dikaya-lesnaya-koshka","/wiki/assets/img/photogalary/evropejskaya-dikaya-lesnaya-koshka/img2.jpg","http://zooglobal.ru/wiki/koshki-photo","2017-03-29 10:45:47",
"evropejskaya-dikaya-lesnaya-koshka","/wiki/assets/img/photogalary/evropejskaya-dikaya-lesnaya-koshka/img4.jpg","http://zooglobal.ru/wiki/koshki-photo","2017-03-29 12:09:07",
"evropejskaya-dikaya-lesnaya-koshka","/wiki/assets/img/photogalary/evropejskaya-dikaya-lesnaya-koshka/img5.jpg","http://zooglobal.ru/wiki/koshki-photo","2017-03-29 13:32:27",
"egipetskaya-mau","/wiki/assets/img/photogalary/egipetskaya-mau/img3.jpg","http://zooglobal.ru/wiki/koshki-photo","2017-03-29 14:55:47",
"egipetskaya-mau","/wiki/assets/img/photogalary/egipetskaya-mau/img1.jpg","http://zooglobal.ru/wiki/koshki-photo","2017-03-29 16:19:07",
"egipetskaya-mau","/wiki/assets/img/photogalary/egipetskaya-mau/img2.jpg","http://zooglobal.ru/wiki/koshki-photo","2017-03-29 17:42:27",
"egipetskaya-mau","/wiki/assets/img/photogalary/egipetskaya-mau/img4.jpg","http://zooglobal.ru/wiki/koshki-photo","2017-03-29 19:05:47",
"egipetskaya-mau","/wiki/assets/img/photogalary/egipetskaya-mau/img5.jpg","http://zooglobal.ru/wiki/koshki-photo","2017-03-29 20:29:07",
"indijskij-stepnoj-kot-aziatskie-dikie-koshki","/wiki/assets/img/photogalary/indijskij-stepnoj-kot-aziatskie-dikie-koshki/img3.jpg","http://zooglobal.ru/wiki/koshki-photo","2017-03-29 21:52:27",
"indijskij-stepnoj-kot-aziatskie-dikie-koshki","/wiki/assets/img/photogalary/indijskij-stepnoj-kot-aziatskie-dikie-koshki/img1.jpg","http://zooglobal.ru/wiki/koshki-photo","2017-03-29 23:15:47",
"indijskij-stepnoj-kot-aziatskie-dikie-koshki","/wiki/assets/img/photogalary/indijskij-stepnoj-kot-aziatskie-dikie-koshki/img2.jpg","http://zooglobal.ru/wiki/koshki-photo","2017-03-30 00:39:07",
"indijskij-stepnoj-kot-aziatskie-dikie-koshki","/wiki/assets/img/photogalary/indijskij-stepnoj-kot-aziatskie-dikie-koshki/img4.jpg","http://zooglobal.ru/wiki/koshki-photo","2017-03-30 02:02:27",
"indijskij-stepnoj-kot-aziatskie-dikie-koshki","/wiki/assets/img/photogalary/indijskij-stepnoj-kot-aziatskie-dikie-koshki/img5.jpg","http://zooglobal.ru/wiki/koshki-photo","2017-03-30 03:25:47",
"jorkskaya-shokoladnaya-koshka","/wiki/assets/img/photogalary/jorkskaya-shokoladnaya-koshka/img3.jpg","http://zooglobal.ru/wiki/koshki-photo","2017-03-30 04:49:07",
"jorkskaya-shokoladnaya-koshka","/wiki/assets/img/photogalary/jorkskaya-shokoladnaya-koshka/img1.jpg","http://zooglobal.ru/wiki/koshki-photo","2017-03-30 06:12:27",
"jorkskaya-shokoladnaya-koshka","/wiki/assets/img/photogalary/jorkskaya-shokoladnaya-koshka/img2.jpg","http://zooglobal.ru/wiki/koshki-photo","2017-03-30 07:35:47",
"jorkskaya-shokoladnaya-koshka","/wiki/assets/img/photogalary/jorkskaya-shokoladnaya-koshka/img4.jpg","http://zooglobal.ru/wiki/koshki-photo","2017-03-30 08:59:07",
"jorkskaya-shokoladnaya-koshka","/wiki/assets/img/photogalary/jorkskaya-shokoladnaya-koshka/img5.jpg","http://zooglobal.ru/wiki/koshki-photo","2017-03-30 10:22:27",
"kalifornijskaya-siyayushhaya-koshka","/wiki/assets/img/photogalary/kalifornijskaya-siyayushhaya-koshka/img3.jpg","http://zooglobal.ru/wiki/koshki-photo","2017-03-30 11:45:47",
"kalifornijskaya-siyayushhaya-koshka","/wiki/assets/img/photogalary/kalifornijskaya-siyayushhaya-koshka/img1.jpg","http://zooglobal.ru/wiki/koshki-photo","2017-03-30 13:09:07",
"kalifornijskaya-siyayushhaya-koshka","/wiki/assets/img/photogalary/kalifornijskaya-siyayushhaya-koshka/img2.jpg","http://zooglobal.ru/wiki/koshki-photo","2017-03-30 14:32:27",
"kalifornijskaya-siyayushhaya-koshka","/wiki/assets/img/photogalary/kalifornijskaya-siyayushhaya-koshka/img4.jpg","http://zooglobal.ru/wiki/koshki-photo","2017-03-30 15:55:47",
"kalifornijskaya-siyayushhaya-koshka","/wiki/assets/img/photogalary/kalifornijskaya-siyayushhaya-koshka/img5.jpg","http://zooglobal.ru/wiki/koshki-photo","2017-03-30 17:19:07",
"kamyishovyij-kot","/wiki/assets/img/photogalary/kamyishovyij-kot/img3.jpg","http://zooglobal.ru/wiki/koshki-photo","2017-03-30 18:42:27",
"kamyishovyij-kot","/wiki/assets/img/photogalary/kamyishovyij-kot/img1.jpg","http://zooglobal.ru/wiki/koshki-photo","2017-03-30 20:05:47",
"kamyishovyij-kot","/wiki/assets/img/photogalary/kamyishovyij-kot/img2.jpg","http://zooglobal.ru/wiki/koshki-photo","2017-03-30 21:29:07",
"kamyishovyij-kot","/wiki/assets/img/photogalary/kamyishovyij-kot/img4.jpg","http://zooglobal.ru/wiki/koshki-photo","2017-03-30 22:52:27",
"kamyishovyij-kot","/wiki/assets/img/photogalary/kamyishovyij-kot/img5.jpg","http://zooglobal.ru/wiki/koshki-photo","2017-03-31 00:15:47",
"kanaani-xanaani","/wiki/assets/img/photogalary/kanaani-xanaani/img3.jpg","http://zooglobal.ru/wiki/koshki-photo","2017-03-31 01:39:07",
"kanaani-xanaani","/wiki/assets/img/photogalary/kanaani-xanaani/img1.jpg","http://zooglobal.ru/wiki/koshki-photo","2017-03-31 03:02:27",
"kanaani-xanaani","/wiki/assets/img/photogalary/kanaani-xanaani/img2.jpg","http://zooglobal.ru/wiki/koshki-photo","2017-03-31 04:25:47",
"kanaani-xanaani","/wiki/assets/img/photogalary/kanaani-xanaani/img4.jpg","http://zooglobal.ru/wiki/koshki-photo","2017-03-31 05:49:07",
"kanaani-xanaani","/wiki/assets/img/photogalary/kanaani-xanaani/img5.jpg","http://zooglobal.ru/wiki/koshki-photo","2017-03-31 07:12:27",
"kao-mani","/wiki/assets/img/photogalary/kao-mani/img3.jpg","http://zooglobal.ru/wiki/koshki-photo","2017-03-31 08:35:47",
"kao-mani","/wiki/assets/img/photogalary/kao-mani/img1.jpg","http://zooglobal.ru/wiki/koshki-photo","2017-03-31 09:59:07",
"kao-mani","/wiki/assets/img/photogalary/kao-mani/img2.jpg","http://zooglobal.ru/wiki/koshki-photo","2017-03-31 11:22:27",
"kao-mani","/wiki/assets/img/photogalary/kao-mani/img4.jpg","http://zooglobal.ru/wiki/koshki-photo","2017-03-31 12:45:47",
"kao-mani","/wiki/assets/img/photogalary/kao-mani/img5.jpg","http://zooglobal.ru/wiki/koshki-photo","2017-03-31 14:09:07",
"karakal-stepnaya-ryis-pustyinnaya-ryis","/wiki/assets/img/photogalary/karakal-stepnaya-ryis-pustyinnaya-ryis/img3.jpg","http://zooglobal.ru/wiki/koshki-photo","2017-03-31 15:32:27",
"karakal-stepnaya-ryis-pustyinnaya-ryis","/wiki/assets/img/photogalary/karakal-stepnaya-ryis-pustyinnaya-ryis/img1.jpg","http://zooglobal.ru/wiki/koshki-photo","2017-03-31 16:55:47",
"karakal-stepnaya-ryis-pustyinnaya-ryis","/wiki/assets/img/photogalary/karakal-stepnaya-ryis-pustyinnaya-ryis/img2.jpg","http://zooglobal.ru/wiki/koshki-photo","2017-03-31 18:19:07",
"karakal-stepnaya-ryis-pustyinnaya-ryis","/wiki/assets/img/photogalary/karakal-stepnaya-ryis-pustyinnaya-ryis/img4.jpg","http://zooglobal.ru/wiki/koshki-photo","2017-03-31 19:42:27",
"karakal-stepnaya-ryis-pustyinnaya-ryis","/wiki/assets/img/photogalary/karakal-stepnaya-ryis-pustyinnaya-ryis/img5.jpg","http://zooglobal.ru/wiki/koshki-photo","2017-03-31 21:05:47",
"keltskaya-koshka-evropejskaya-korotkosherstnaya","/wiki/assets/img/photogalary/keltskaya-koshka-evropejskaya-korotkosherstnaya/img3.jpg","http://zooglobal.ru/wiki/koshki-photo","2017-03-31 22:29:07",
"keltskaya-koshka-evropejskaya-korotkosherstnaya","/wiki/assets/img/photogalary/keltskaya-koshka-evropejskaya-korotkosherstnaya/img1.jpg","http://zooglobal.ru/wiki/koshki-photo","2017-03-31 23:52:27",
"keltskaya-koshka-evropejskaya-korotkosherstnaya","/wiki/assets/img/photogalary/keltskaya-koshka-evropejskaya-korotkosherstnaya/img2.jpg","http://zooglobal.ru/wiki/koshki-photo","2017-04-01 01:15:47",
"keltskaya-koshka-evropejskaya-korotkosherstnaya","/wiki/assets/img/photogalary/keltskaya-koshka-evropejskaya-korotkosherstnaya/img4.jpg","http://zooglobal.ru/wiki/koshki-photo","2017-04-01 02:39:07",
"keltskaya-koshka-evropejskaya-korotkosherstnaya","/wiki/assets/img/photogalary/keltskaya-koshka-evropejskaya-korotkosherstnaya/img5.jpg","http://zooglobal.ru/wiki/koshki-photo","2017-04-01 04:02:27",
"kimrik","/wiki/assets/img/photogalary/kimrik/img3.jpg","http://zooglobal.ru/wiki/koshki-photo","2017-04-01 05:25:47",
"kimrik","/wiki/assets/img/photogalary/kimrik/img1.jpg","http://zooglobal.ru/wiki/koshki-photo","2017-04-01 06:49:07",
"kimrik","/wiki/assets/img/photogalary/kimrik/img2.jpg","http://zooglobal.ru/wiki/koshki-photo","2017-04-01 08:12:27",
"kimrik","/wiki/assets/img/photogalary/kimrik/img4.jpg","http://zooglobal.ru/wiki/koshki-photo","2017-04-01 09:35:47",
"kimrik","/wiki/assets/img/photogalary/kimrik/img5.jpg","http://zooglobal.ru/wiki/koshki-photo","2017-04-01 10:59:07",
"kitajskaya-li-xua-li-mao-li-xua-mao-drakon-li","/wiki/assets/img/photogalary/kitajskaya-li-xua-li-mao-li-xua-mao-drakon-li/img3.jpg","http://zooglobal.ru/wiki/koshki-photo","2017-04-01 12:22:27",
"kitajskaya-li-xua-li-mao-li-xua-mao-drakon-li","/wiki/assets/img/photogalary/kitajskaya-li-xua-li-mao-li-xua-mao-drakon-li/img1.jpg","http://zooglobal.ru/wiki/koshki-photo","2017-04-01 13:45:47",
"kitajskaya-li-xua-li-mao-li-xua-mao-drakon-li","/wiki/assets/img/photogalary/kitajskaya-li-xua-li-mao-li-xua-mao-drakon-li/img2.jpg","http://zooglobal.ru/wiki/koshki-photo","2017-04-01 15:09:07",
"kitajskaya-li-xua-li-mao-li-xua-mao-drakon-li","/wiki/assets/img/photogalary/kitajskaya-li-xua-li-mao-li-xua-mao-drakon-li/img4.jpg","http://zooglobal.ru/wiki/koshki-photo","2017-04-01 16:32:27",
"kitajskaya-li-xua-li-mao-li-xua-mao-drakon-li","/wiki/assets/img/photogalary/kitajskaya-li-xua-li-mao-li-xua-mao-drakon-li/img5.jpg","http://zooglobal.ru/wiki/koshki-photo","2017-04-01 17:55:47",
"kitajskaya-seraya-koshka-kitajskaya-gornaya-gobijskaya-seraya","/wiki/assets/img/photogalary/kitajskaya-seraya-koshka-kitajskaya-gornaya-gobijskaya-seraya/img3.jpg","http://zooglobal.ru/wiki/koshki-photo","2017-04-01 19:19:07",
"kitajskaya-seraya-koshka-kitajskaya-gornaya-gobijskaya-seraya","/wiki/assets/img/photogalary/kitajskaya-seraya-koshka-kitajskaya-gornaya-gobijskaya-seraya/img1.jpg","http://zooglobal.ru/wiki/koshki-photo","2017-04-01 20:42:27",
"kitajskaya-seraya-koshka-kitajskaya-gornaya-gobijskaya-seraya","/wiki/assets/img/photogalary/kitajskaya-seraya-koshka-kitajskaya-gornaya-gobijskaya-seraya/img2.jpg","http://zooglobal.ru/wiki/koshki-photo","2017-04-01 22:05:47",
"kitajskaya-seraya-koshka-kitajskaya-gornaya-gobijskaya-seraya","/wiki/assets/img/photogalary/kitajskaya-seraya-koshka-kitajskaya-gornaya-gobijskaya-seraya/img4.jpg","http://zooglobal.ru/wiki/koshki-photo","2017-04-01 23:29:07",
"kitajskaya-seraya-koshka-kitajskaya-gornaya-gobijskaya-seraya","/wiki/assets/img/photogalary/kitajskaya-seraya-koshka-kitajskaya-gornaya-gobijskaya-seraya/img5.jpg","http://zooglobal.ru/wiki/koshki-photo","2017-04-02 00:52:27",
"kodkod-chilijskaya-koshka","/wiki/assets/img/photogalary/kodkod-chilijskaya-koshka/img3.jpg","http://zooglobal.ru/wiki/koshki-photo","2017-04-02 02:15:47",
"kodkod-chilijskaya-koshka","/wiki/assets/img/photogalary/kodkod-chilijskaya-koshka/img1.jpg","http://zooglobal.ru/wiki/koshki-photo","2017-04-02 03:39:07",
"kodkod-chilijskaya-koshka","/wiki/assets/img/photogalary/kodkod-chilijskaya-koshka/img2.jpg","http://zooglobal.ru/wiki/koshki-photo","2017-04-02 05:02:27",
"kodkod-chilijskaya-koshka","/wiki/assets/img/photogalary/kodkod-chilijskaya-koshka/img4.jpg","http://zooglobal.ru/wiki/koshki-photo","2017-04-02 06:25:47",
"kodkod-chilijskaya-koshka","/wiki/assets/img/photogalary/kodkod-chilijskaya-koshka/img5.jpg","http://zooglobal.ru/wiki/koshki-photo","2017-04-02 07:49:07",
"kolczexvostaya-koshka-amerikanskij-ringtejl-amerikanskaya-kolczexvostaya-koshka","/wiki/assets/img/photogalary/kolczexvostaya-koshka-amerikanskij-ringtejl-amerikanskaya-kolczexvostaya-koshka/img3.jpg","http://zooglobal.ru/wiki/koshki-photo","2017-04-02 09:12:27",
"kolczexvostaya-koshka-amerikanskij-ringtejl-amerikanskaya-kolczexvostaya-koshka","/wiki/assets/img/photogalary/kolczexvostaya-koshka-amerikanskij-ringtejl-amerikanskaya-kolczexvostaya-koshka/img1.jpg","http://zooglobal.ru/wiki/koshki-photo","2017-04-02 10:35:47",
"kolczexvostaya-koshka-amerikanskij-ringtejl-amerikanskaya-kolczexvostaya-koshka","/wiki/assets/img/photogalary/kolczexvostaya-koshka-amerikanskij-ringtejl-amerikanskaya-kolczexvostaya-koshka/img2.jpg","http://zooglobal.ru/wiki/koshki-photo","2017-04-02 11:59:07",
"kolczexvostaya-koshka-amerikanskij-ringtejl-amerikanskaya-kolczexvostaya-koshka","/wiki/assets/img/photogalary/kolczexvostaya-koshka-amerikanskij-ringtejl-amerikanskaya-kolczexvostaya-koshka/img4.jpg","http://zooglobal.ru/wiki/koshki-photo","2017-04-02 13:22:27",
"kolczexvostaya-koshka-amerikanskij-ringtejl-amerikanskaya-kolczexvostaya-koshka","/wiki/assets/img/photogalary/kolczexvostaya-koshka-amerikanskij-ringtejl-amerikanskaya-kolczexvostaya-koshka/img5.jpg","http://zooglobal.ru/wiki/koshki-photo","2017-04-02 14:45:47",
"korat","/wiki/assets/img/photogalary/korat/img3.jpg","http://zooglobal.ru/wiki/koshki-photo","2017-04-02 16:09:07",
"korat","/wiki/assets/img/photogalary/korat/img1.jpg","http://zooglobal.ru/wiki/koshki-photo","2017-04-02 17:32:27",
"korat","/wiki/assets/img/photogalary/korat/img2.jpg","http://zooglobal.ru/wiki/koshki-photo","2017-04-02 18:55:47",
"korat","/wiki/assets/img/photogalary/korat/img4.jpg","http://zooglobal.ru/wiki/koshki-photo","2017-04-02 20:19:07",
"korat","/wiki/assets/img/photogalary/korat/img5.jpg","http://zooglobal.ru/wiki/koshki-photo","2017-04-02 21:42:27",
"kornish-reks-kornish-kornuolskij-reks","/wiki/assets/img/photogalary/kornish-reks-kornish-kornuolskij-reks/img3.jpg","http://zooglobal.ru/wiki/koshki-photo","2017-04-02 23:05:47",
"kornish-reks-kornish-kornuolskij-reks","/wiki/assets/img/photogalary/kornish-reks-kornish-kornuolskij-reks/img1.jpg","http://zooglobal.ru/wiki/koshki-photo","2017-04-03 00:29:07",
"kornish-reks-kornish-kornuolskij-reks","/wiki/assets/img/photogalary/kornish-reks-kornish-kornuolskij-reks/img2.jpg","http://zooglobal.ru/wiki/koshki-photo","2017-04-03 01:52:27",
"kornish-reks-kornish-kornuolskij-reks","/wiki/assets/img/photogalary/kornish-reks-kornish-kornuolskij-reks/img4.jpg","http://zooglobal.ru/wiki/koshki-photo","2017-04-03 03:15:47",
"kornish-reks-kornish-kornuolskij-reks","/wiki/assets/img/photogalary/kornish-reks-kornish-kornuolskij-reks/img5.jpg","http://zooglobal.ru/wiki/koshki-photo","2017-04-03 04:39:07",
"laperm-dallasskij-laperm-amerikanskij-reks-indejskij-reks-alpaka","/wiki/assets/img/photogalary/laperm-dallasskij-laperm-amerikanskij-reks-indejskij-reks-alpaka/img3.jpg","http://zooglobal.ru/wiki/koshki-photo","2017-04-03 06:02:27",
"laperm-dallasskij-laperm-amerikanskij-reks-indejskij-reks-alpaka","/wiki/assets/img/photogalary/laperm-dallasskij-laperm-amerikanskij-reks-indejskij-reks-alpaka/img1.jpg","http://zooglobal.ru/wiki/koshki-photo","2017-04-03 07:25:47",
"laperm-dallasskij-laperm-amerikanskij-reks-indejskij-reks-alpaka","/wiki/assets/img/photogalary/laperm-dallasskij-laperm-amerikanskij-reks-indejskij-reks-alpaka/img2.jpg","http://zooglobal.ru/wiki/koshki-photo","2017-04-03 08:49:07",
"laperm-dallasskij-laperm-amerikanskij-reks-indejskij-reks-alpaka","/wiki/assets/img/photogalary/laperm-dallasskij-laperm-amerikanskij-reks-indejskij-reks-alpaka/img4.jpg","http://zooglobal.ru/wiki/koshki-photo","2017-04-03 10:12:27",
"laperm-dallasskij-laperm-amerikanskij-reks-indejskij-reks-alpaka","/wiki/assets/img/photogalary/laperm-dallasskij-laperm-amerikanskij-reks-indejskij-reks-alpaka/img5.jpg","http://zooglobal.ru/wiki/koshki-photo","2017-04-03 11:35:47",
"livijskaya-bulanaya-koshka","/wiki/assets/img/photogalary/livijskaya-bulanaya-koshka/img3.jpg","http://zooglobal.ru/wiki/koshki-photo","2017-04-03 12:59:07",
"livijskaya-bulanaya-koshka","/wiki/assets/img/photogalary/livijskaya-bulanaya-koshka/img1.jpg","http://zooglobal.ru/wiki/koshki-photo","2017-04-03 14:22:27",
"livijskaya-bulanaya-koshka","/wiki/assets/img/photogalary/livijskaya-bulanaya-koshka/img2.jpg","http://zooglobal.ru/wiki/koshki-photo","2017-04-03 15:45:47",
"livijskaya-bulanaya-koshka","/wiki/assets/img/photogalary/livijskaya-bulanaya-koshka/img4.jpg","http://zooglobal.ru/wiki/koshki-photo","2017-04-03 17:09:07",
"livijskaya-bulanaya-koshka","/wiki/assets/img/photogalary/livijskaya-bulanaya-koshka/img5.jpg","http://zooglobal.ru/wiki/koshki-photo","2017-04-03 18:32:27",
"likoi-koshka-oboroten","/wiki/assets/img/photogalary/likoi-koshka-oboroten/img3.jpg","http://zooglobal.ru/wiki/koshki-photo","2017-04-03 19:55:47",
"likoi-koshka-oboroten","/wiki/assets/img/photogalary/likoi-koshka-oboroten/img1.jpg","http://zooglobal.ru/wiki/koshki-photo","2017-04-03 21:19:07",
"likoi-koshka-oboroten","/wiki/assets/img/photogalary/likoi-koshka-oboroten/img2.jpg","http://zooglobal.ru/wiki/koshki-photo","2017-04-03 22:42:27",
"likoi-koshka-oboroten","/wiki/assets/img/photogalary/likoi-koshka-oboroten/img4.jpg","http://zooglobal.ru/wiki/koshki-photo","2017-04-04 00:05:47",
"likoi-koshka-oboroten","/wiki/assets/img/photogalary/likoi-koshka-oboroten/img5.jpg","http://zooglobal.ru/wiki/koshki-photo","2017-04-04 01:29:07",
"mandalaj","/wiki/assets/img/photogalary/mandalaj/img3.jpg","http://zooglobal.ru/wiki/koshki-photo","2017-04-04 02:52:27",
"mandalaj","/wiki/assets/img/photogalary/mandalaj/img1.jpg","http://zooglobal.ru/wiki/koshki-photo","2017-04-04 04:15:47",
"mandalaj","/wiki/assets/img/photogalary/mandalaj/img2.jpg","http://zooglobal.ru/wiki/koshki-photo","2017-04-04 05:39:07",
"mandalaj","/wiki/assets/img/photogalary/mandalaj/img4.jpg","http://zooglobal.ru/wiki/koshki-photo","2017-04-04 07:02:27",
"mandalaj","/wiki/assets/img/photogalary/mandalaj/img5.jpg","http://zooglobal.ru/wiki/koshki-photo","2017-04-04 08:25:47",
"manul-dikij-stepnoj-kot","/wiki/assets/img/photogalary/manul-dikij-stepnoj-kot/img3.jpg","http://zooglobal.ru/wiki/koshki-photo","2017-04-04 09:49:07",
"manul-dikij-stepnoj-kot","/wiki/assets/img/photogalary/manul-dikij-stepnoj-kot/img1.jpg","http://zooglobal.ru/wiki/koshki-photo","2017-04-04 11:12:27",
"manul-dikij-stepnoj-kot","/wiki/assets/img/photogalary/manul-dikij-stepnoj-kot/img2.jpg","http://zooglobal.ru/wiki/koshki-photo","2017-04-04 12:35:47",
"manul-dikij-stepnoj-kot","/wiki/assets/img/photogalary/manul-dikij-stepnoj-kot/img4.jpg","http://zooglobal.ru/wiki/koshki-photo","2017-04-04 13:59:07",
"manul-dikij-stepnoj-kot","/wiki/assets/img/photogalary/manul-dikij-stepnoj-kot/img5.jpg","http://zooglobal.ru/wiki/koshki-photo","2017-04-04 15:22:27",
"manchkin","/wiki/assets/img/photogalary/manchkin/img3.jpg","http://zooglobal.ru/wiki/koshki-photo","2017-04-04 16:45:47",
"manchkin","/wiki/assets/img/photogalary/manchkin/img1.jpg","http://zooglobal.ru/wiki/koshki-photo","2017-04-04 18:09:07",
"manchkin","/wiki/assets/img/photogalary/manchkin/img2.jpg","http://zooglobal.ru/wiki/koshki-photo","2017-04-04 19:32:27",
"manchkin","/wiki/assets/img/photogalary/manchkin/img4.jpg","http://zooglobal.ru/wiki/koshki-photo","2017-04-04 20:55:47",
"manchkin","/wiki/assets/img/photogalary/manchkin/img5.jpg","http://zooglobal.ru/wiki/koshki-photo","2017-04-04 22:19:07",
"mejn-kun","/wiki/assets/img/photogalary/mejn-kun/img3.jpg","http://zooglobal.ru/wiki/koshki-photo","2017-04-04 23:42:27",
"mejn-kun","/wiki/assets/img/photogalary/mejn-kun/img1.jpg","http://zooglobal.ru/wiki/koshki-photo","2017-04-05 01:05:47",
"mejn-kun","/wiki/assets/img/photogalary/mejn-kun/img2.jpg","http://zooglobal.ru/wiki/koshki-photo","2017-04-05 02:29:07",
"mejn-kun","/wiki/assets/img/photogalary/mejn-kun/img4.jpg","http://zooglobal.ru/wiki/koshki-photo","2017-04-05 03:52:27",
"mejn-kun","/wiki/assets/img/photogalary/mejn-kun/img5.jpg","http://zooglobal.ru/wiki/koshki-photo","2017-04-05 05:15:47",
"mekongskij-tajskij-bobtejl","/wiki/assets/img/photogalary/mekongskij-tajskij-bobtejl/img3.jpg","http://zooglobal.ru/wiki/koshki-photo","2017-04-05 06:39:07",
"mekongskij-tajskij-bobtejl","/wiki/assets/img/photogalary/mekongskij-tajskij-bobtejl/img1.jpg","http://zooglobal.ru/wiki/koshki-photo","2017-04-05 08:02:27",
"mekongskij-tajskij-bobtejl","/wiki/assets/img/photogalary/mekongskij-tajskij-bobtejl/img2.jpg","http://zooglobal.ru/wiki/koshki-photo","2017-04-05 09:25:47",
"mekongskij-tajskij-bobtejl","/wiki/assets/img/photogalary/mekongskij-tajskij-bobtejl/img4.jpg","http://zooglobal.ru/wiki/koshki-photo","2017-04-05 10:49:07",
"mekongskij-tajskij-bobtejl","/wiki/assets/img/photogalary/mekongskij-tajskij-bobtejl/img5.jpg","http://zooglobal.ru/wiki/koshki-photo","2017-04-05 12:12:27",
"menskaya-koshka-menks,-manks","/wiki/assets/img/photogalary/menskaya-koshka-menks,-manks/img3.jpg","http://zooglobal.ru/wiki/koshki-photo","2017-04-05 13:35:47",
"menskaya-koshka-menks,-manks","/wiki/assets/img/photogalary/menskaya-koshka-menks,-manks/img1.jpg","http://zooglobal.ru/wiki/koshki-photo","2017-04-05 14:59:07",
"menskaya-koshka-menks,-manks","/wiki/assets/img/photogalary/menskaya-koshka-menks,-manks/img2.jpg","http://zooglobal.ru/wiki/koshki-photo","2017-04-05 16:22:27",
"menskaya-koshka-menks,-manks","/wiki/assets/img/photogalary/menskaya-koshka-menks,-manks/img4.jpg","http://zooglobal.ru/wiki/koshki-photo","2017-04-05 17:45:47",
"menskaya-koshka-menks,-manks","/wiki/assets/img/photogalary/menskaya-koshka-menks,-manks/img5.jpg","http://zooglobal.ru/wiki/koshki-photo","2017-04-05 19:09:07",
"napoleon-karlikovaya-koshka-korotkolapaya-koshka","/wiki/assets/img/photogalary/napoleon-karlikovaya-koshka-korotkolapaya-koshka/img3.jpg","http://zooglobal.ru/wiki/koshki-photo","2017-04-05 20:32:27",
"napoleon-karlikovaya-koshka-korotkolapaya-koshka","/wiki/assets/img/photogalary/napoleon-karlikovaya-koshka-korotkolapaya-koshka/img1.jpg","http://zooglobal.ru/wiki/koshki-photo","2017-04-05 21:55:47",
"napoleon-karlikovaya-koshka-korotkolapaya-koshka","/wiki/assets/img/photogalary/napoleon-karlikovaya-koshka-korotkolapaya-koshka/img2.jpg","http://zooglobal.ru/wiki/koshki-photo","2017-04-05 23:19:07",
"napoleon-karlikovaya-koshka-korotkolapaya-koshka","/wiki/assets/img/photogalary/napoleon-karlikovaya-koshka-korotkolapaya-koshka/img4.jpg","http://zooglobal.ru/wiki/koshki-photo","2017-04-06 00:42:27",
"napoleon-karlikovaya-koshka-korotkolapaya-koshka","/wiki/assets/img/photogalary/napoleon-karlikovaya-koshka-korotkolapaya-koshka/img5.jpg","http://zooglobal.ru/wiki/koshki-photo","2017-04-06 02:05:47",
"nevskaya-maskaradnaya","/wiki/assets/img/photogalary/nevskaya-maskaradnaya/img3.jpg","http://zooglobal.ru/wiki/koshki-photo","2017-04-06 03:29:07",
"nevskaya-maskaradnaya","/wiki/assets/img/photogalary/nevskaya-maskaradnaya/img1.jpg","http://zooglobal.ru/wiki/koshki-photo","2017-04-06 04:52:27",
"nevskaya-maskaradnaya","/wiki/assets/img/photogalary/nevskaya-maskaradnaya/img2.jpg","http://zooglobal.ru/wiki/koshki-photo","2017-04-06 06:15:47",
"nevskaya-maskaradnaya","/wiki/assets/img/photogalary/nevskaya-maskaradnaya/img4.jpg","http://zooglobal.ru/wiki/koshki-photo","2017-04-06 07:39:07",
"nevskaya-maskaradnaya","/wiki/assets/img/photogalary/nevskaya-maskaradnaya/img5.jpg","http://zooglobal.ru/wiki/koshki-photo","2017-04-06 09:02:27",
"nibelung","/wiki/assets/img/photogalary/nibelung/img3.jpg","http://zooglobal.ru/wiki/koshki-photo","2017-04-06 10:25:47",
"nibelung","/wiki/assets/img/photogalary/nibelung/img1.jpg","http://zooglobal.ru/wiki/koshki-photo","2017-04-06 11:49:07",
"nibelung","/wiki/assets/img/photogalary/nibelung/img2.jpg","http://zooglobal.ru/wiki/koshki-photo","2017-04-06 13:12:27",
"nibelung","/wiki/assets/img/photogalary/nibelung/img4.jpg","http://zooglobal.ru/wiki/koshki-photo","2017-04-06 14:35:47",
"nibelung","/wiki/assets/img/photogalary/nibelung/img5.jpg","http://zooglobal.ru/wiki/koshki-photo","2017-04-06 15:59:07",
"norvezhskaya-lesnaya-koshka","/wiki/assets/img/photogalary/norvezhskaya-lesnaya-koshka/img3.jpg","http://zooglobal.ru/wiki/koshki-photo","2017-04-06 17:22:27",
"norvezhskaya-lesnaya-koshka","/wiki/assets/img/photogalary/norvezhskaya-lesnaya-koshka/img1.jpg","http://zooglobal.ru/wiki/koshki-photo","2017-04-06 18:45:47",
"norvezhskaya-lesnaya-koshka","/wiki/assets/img/photogalary/norvezhskaya-lesnaya-koshka/img2.jpg","http://zooglobal.ru/wiki/koshki-photo","2017-04-06 20:09:07",
"norvezhskaya-lesnaya-koshka","/wiki/assets/img/photogalary/norvezhskaya-lesnaya-koshka/img4.jpg","http://zooglobal.ru/wiki/koshki-photo","2017-04-06 21:32:27",
"norvezhskaya-lesnaya-koshka","/wiki/assets/img/photogalary/norvezhskaya-lesnaya-koshka/img5.jpg","http://zooglobal.ru/wiki/koshki-photo","2017-04-06 22:55:47",
"oregon-reks","/wiki/assets/img/photogalary/oregon-reks/img3.jpg","http://zooglobal.ru/wiki/koshki-photo","2017-04-07 00:19:07",
"oregon-reks","/wiki/assets/img/photogalary/oregon-reks/img1.jpg","http://zooglobal.ru/wiki/koshki-photo","2017-04-07 01:42:27",
"oregon-reks","/wiki/assets/img/photogalary/oregon-reks/img2.jpg","http://zooglobal.ru/wiki/koshki-photo","2017-04-07 03:05:47",
"oregon-reks","/wiki/assets/img/photogalary/oregon-reks/img4.jpg","http://zooglobal.ru/wiki/koshki-photo","2017-04-07 04:29:07",
"oregon-reks","/wiki/assets/img/photogalary/oregon-reks/img5.jpg","http://zooglobal.ru/wiki/koshki-photo","2017-04-07 05:52:27",
"orientalnaya-vostochnaya-korotkosherstnaya","/wiki/assets/img/photogalary/orientalnaya-vostochnaya-korotkosherstnaya/img3.jpg","http://zooglobal.ru/wiki/koshki-photo","2017-04-07 07:15:47",
"orientalnaya-vostochnaya-korotkosherstnaya","/wiki/assets/img/photogalary/orientalnaya-vostochnaya-korotkosherstnaya/img1.jpg","http://zooglobal.ru/wiki/koshki-photo","2017-04-07 08:39:07",
"orientalnaya-vostochnaya-korotkosherstnaya","/wiki/assets/img/photogalary/orientalnaya-vostochnaya-korotkosherstnaya/img2.jpg","http://zooglobal.ru/wiki/koshki-photo","2017-04-07 10:02:27",
"orientalnaya-vostochnaya-korotkosherstnaya","/wiki/assets/img/photogalary/orientalnaya-vostochnaya-korotkosherstnaya/img4.jpg","http://zooglobal.ru/wiki/koshki-photo","2017-04-07 11:25:47",
"orientalnaya-vostochnaya-korotkosherstnaya","/wiki/assets/img/photogalary/orientalnaya-vostochnaya-korotkosherstnaya/img5.jpg","http://zooglobal.ru/wiki/koshki-photo","2017-04-07 12:49:07",
"oxos-azules-goluboglazka-goluboglazaya-koshka","/wiki/assets/img/photogalary/oxos-azules-goluboglazka-goluboglazaya-koshka/img3.jpg","http://zooglobal.ru/wiki/koshki-photo","2017-04-07 14:12:27",
"oxos-azules-goluboglazka-goluboglazaya-koshka","/wiki/assets/img/photogalary/oxos-azules-goluboglazka-goluboglazaya-koshka/img1.jpg","http://zooglobal.ru/wiki/koshki-photo","2017-04-07 15:35:47",
"oxos-azules-goluboglazka-goluboglazaya-koshka","/wiki/assets/img/photogalary/oxos-azules-goluboglazka-goluboglazaya-koshka/img2.jpg","http://zooglobal.ru/wiki/koshki-photo","2017-04-07 16:59:07",
"oxos-azules-goluboglazka-goluboglazaya-koshka","/wiki/assets/img/photogalary/oxos-azules-goluboglazka-goluboglazaya-koshka/img4.jpg","http://zooglobal.ru/wiki/koshki-photo","2017-04-07 18:22:27",
"oxos-azules-goluboglazka-goluboglazaya-koshka","/wiki/assets/img/photogalary/oxos-azules-goluboglazka-goluboglazaya-koshka/img5.jpg","http://zooglobal.ru/wiki/koshki-photo","2017-04-07 19:45:47",
"oczelot","/wiki/assets/img/photogalary/oczelot/img3.jpg","http://zooglobal.ru/wiki/koshki-photo","2017-04-07 21:09:07",
"oczelot","/wiki/assets/img/photogalary/oczelot/img1.jpg","http://zooglobal.ru/wiki/koshki-photo","2017-04-07 22:32:27",
"oczelot","/wiki/assets/img/photogalary/oczelot/img2.jpg","http://zooglobal.ru/wiki/koshki-photo","2017-04-07 23:55:47",
"oczelot","/wiki/assets/img/photogalary/oczelot/img4.jpg","http://zooglobal.ru/wiki/koshki-photo","2017-04-08 01:19:07",
"oczelot","/wiki/assets/img/photogalary/oczelot/img5.jpg","http://zooglobal.ru/wiki/koshki-photo","2017-04-08 02:42:27",
"ocziket-oczikat","/wiki/assets/img/photogalary/ocziket-oczikat/img3.jpg","http://zooglobal.ru/wiki/koshki-photo","2017-04-08 04:05:47",
"ocziket-oczikat","/wiki/assets/img/photogalary/ocziket-oczikat/img1.jpg","http://zooglobal.ru/wiki/koshki-photo","2017-04-08 05:29:07",
"ocziket-oczikat","/wiki/assets/img/photogalary/ocziket-oczikat/img2.jpg","http://zooglobal.ru/wiki/koshki-photo","2017-04-08 06:52:27",
"ocziket-oczikat","/wiki/assets/img/photogalary/ocziket-oczikat/img4.jpg","http://zooglobal.ru/wiki/koshki-photo","2017-04-08 08:15:47",
"ocziket-oczikat","/wiki/assets/img/photogalary/ocziket-oczikat/img5.jpg","http://zooglobal.ru/wiki/koshki-photo","2017-04-08 09:39:07",
"persidskaya-koshka","/wiki/assets/img/photogalary/persidskaya-koshka/img3.jpg","http://zooglobal.ru/wiki/koshki-photo","2017-04-08 11:02:27",
"persidskaya-koshka","/wiki/assets/img/photogalary/persidskaya-koshka/img1.jpg","http://zooglobal.ru/wiki/koshki-photo","2017-04-08 12:25:47",
"persidskaya-koshka","/wiki/assets/img/photogalary/persidskaya-koshka/img2.jpg","http://zooglobal.ru/wiki/koshki-photo","2017-04-08 13:49:07",
"persidskaya-koshka","/wiki/assets/img/photogalary/persidskaya-koshka/img4.jpg","http://zooglobal.ru/wiki/koshki-photo","2017-04-08 15:12:27",
"persidskaya-koshka","/wiki/assets/img/photogalary/persidskaya-koshka/img5.jpg","http://zooglobal.ru/wiki/koshki-photo","2017-04-08 16:35:47",
"peterbold-peterburgskij-sfinks","/wiki/assets/img/photogalary/peterbold-peterburgskij-sfinks/img3.jpg","http://zooglobal.ru/wiki/koshki-photo","2017-04-08 17:59:07",
"peterbold-peterburgskij-sfinks","/wiki/assets/img/photogalary/peterbold-peterburgskij-sfinks/img1.jpg","http://zooglobal.ru/wiki/koshki-photo","2017-04-08 19:22:27",
"peterbold-peterburgskij-sfinks","/wiki/assets/img/photogalary/peterbold-peterburgskij-sfinks/img2.jpg","http://zooglobal.ru/wiki/koshki-photo","2017-04-08 20:45:47",
"peterbold-peterburgskij-sfinks","/wiki/assets/img/photogalary/peterbold-peterburgskij-sfinks/img4.jpg","http://zooglobal.ru/wiki/koshki-photo","2017-04-08 22:09:07",
"peterbold-peterburgskij-sfinks","/wiki/assets/img/photogalary/peterbold-peterburgskij-sfinks/img5.jpg","http://zooglobal.ru/wiki/koshki-photo","2017-04-08 23:32:27",
"piksibob-piksi-bob","/wiki/assets/img/photogalary/piksibob-piksi-bob/img3.jpg","http://zooglobal.ru/wiki/koshki-photo","2017-04-09 00:55:47",
"piksibob-piksi-bob","/wiki/assets/img/photogalary/piksibob-piksi-bob/img1.jpg","http://zooglobal.ru/wiki/koshki-photo","2017-04-09 02:19:07",
"piksibob-piksi-bob","/wiki/assets/img/photogalary/piksibob-piksi-bob/img2.jpg","http://zooglobal.ru/wiki/koshki-photo","2017-04-09 03:42:27",
"piksibob-piksi-bob","/wiki/assets/img/photogalary/piksibob-piksi-bob/img4.jpg","http://zooglobal.ru/wiki/koshki-photo","2017-04-09 05:05:47",
"piksibob-piksi-bob","/wiki/assets/img/photogalary/piksibob-piksi-bob/img5.jpg","http://zooglobal.ru/wiki/koshki-photo","2017-04-09 06:29:07",
"pustyinnaya-koshka","/wiki/assets/img/photogalary/pustyinnaya-koshka/img3.jpg","http://zooglobal.ru/wiki/koshki-photo","2017-04-09 07:52:27",
"pustyinnaya-koshka","/wiki/assets/img/photogalary/pustyinnaya-koshka/img1.jpg","http://zooglobal.ru/wiki/koshki-photo","2017-04-09 09:15:47",
"pustyinnaya-koshka","/wiki/assets/img/photogalary/pustyinnaya-koshka/img2.jpg","http://zooglobal.ru/wiki/koshki-photo","2017-04-09 10:39:07",
"pustyinnaya-koshka","/wiki/assets/img/photogalary/pustyinnaya-koshka/img4.jpg","http://zooglobal.ru/wiki/koshki-photo","2017-04-09 12:02:27",
"pustyinnaya-koshka","/wiki/assets/img/photogalary/pustyinnaya-koshka/img5.jpg","http://zooglobal.ru/wiki/koshki-photo","2017-04-09 13:25:47",
"ragamaffin","/wiki/assets/img/photogalary/ragamaffin/img3.jpg","http://zooglobal.ru/wiki/koshki-photo","2017-04-09 14:49:07",
"ragamaffin","/wiki/assets/img/photogalary/ragamaffin/img1.jpg","http://zooglobal.ru/wiki/koshki-photo","2017-04-09 16:12:27",
"ragamaffin","/wiki/assets/img/photogalary/ragamaffin/img2.jpg","http://zooglobal.ru/wiki/koshki-photo","2017-04-09 17:35:47",
"ragamaffin","/wiki/assets/img/photogalary/ragamaffin/img4.jpg","http://zooglobal.ru/wiki/koshki-photo","2017-04-09 18:59:07",
"ragamaffin","/wiki/assets/img/photogalary/ragamaffin/img5.jpg","http://zooglobal.ru/wiki/koshki-photo","2017-04-09 20:22:27",
"russkaya-golubaya-koshka","/wiki/assets/img/photogalary/russkaya-golubaya-koshka/img3.jpg","http://zooglobal.ru/wiki/koshki-photo","2017-04-09 21:45:47",
"russkaya-golubaya-koshka","/wiki/assets/img/photogalary/russkaya-golubaya-koshka/img1.jpg","http://zooglobal.ru/wiki/koshki-photo","2017-04-09 23:09:07",
"russkaya-golubaya-koshka","/wiki/assets/img/photogalary/russkaya-golubaya-koshka/img2.jpg","http://zooglobal.ru/wiki/koshki-photo","2017-04-10 00:32:27",
"russkaya-golubaya-koshka","/wiki/assets/img/photogalary/russkaya-golubaya-koshka/img4.jpg","http://zooglobal.ru/wiki/koshki-photo","2017-04-10 01:55:47",
"russkaya-golubaya-koshka","/wiki/assets/img/photogalary/russkaya-golubaya-koshka/img5.jpg","http://zooglobal.ru/wiki/koshki-photo","2017-04-10 03:19:07",
"regdoll","/wiki/assets/img/photogalary/regdoll/img3.jpg","http://zooglobal.ru/wiki/koshki-photo","2017-04-10 04:42:27",
"regdoll","/wiki/assets/img/photogalary/regdoll/img1.jpg","http://zooglobal.ru/wiki/koshki-photo","2017-04-10 06:05:47",
"regdoll","/wiki/assets/img/photogalary/regdoll/img2.jpg","http://zooglobal.ru/wiki/koshki-photo","2017-04-10 07:29:07",
"regdoll","/wiki/assets/img/photogalary/regdoll/img4.jpg","http://zooglobal.ru/wiki/koshki-photo","2017-04-10 08:52:27",
"regdoll","/wiki/assets/img/photogalary/regdoll/img5.jpg","http://zooglobal.ru/wiki/koshki-photo","2017-04-10 10:15:47",
"savanna","/wiki/assets/img/photogalary/savanna/img3.jpg","http://zooglobal.ru/wiki/koshki-photo","2017-04-10 11:39:07",
"savanna","/wiki/assets/img/photogalary/savanna/img1.jpg","http://zooglobal.ru/wiki/koshki-photo","2017-04-10 13:02:27",
"savanna","/wiki/assets/img/photogalary/savanna/img2.jpg","http://zooglobal.ru/wiki/koshki-photo","2017-04-10 14:25:47",
"savanna","/wiki/assets/img/photogalary/savanna/img4.jpg","http://zooglobal.ru/wiki/koshki-photo","2017-04-10 15:49:07",
"savanna","/wiki/assets/img/photogalary/savanna/img5.jpg","http://zooglobal.ru/wiki/koshki-photo","2017-04-10 17:12:27",
"sejshelskaya-korotkosherstnaya-koshka-sejshelyi","/wiki/assets/img/photogalary/sejshelskaya-korotkosherstnaya-koshka-sejshelyi/img3.jpg","http://zooglobal.ru/wiki/koshki-photo","2017-04-10 18:35:47",
"sejshelskaya-korotkosherstnaya-koshka-sejshelyi","/wiki/assets/img/photogalary/sejshelskaya-korotkosherstnaya-koshka-sejshelyi/img1.jpg","http://zooglobal.ru/wiki/koshki-photo","2017-04-10 19:59:07",
"sejshelskaya-korotkosherstnaya-koshka-sejshelyi","/wiki/assets/img/photogalary/sejshelskaya-korotkosherstnaya-koshka-sejshelyi/img2.jpg","http://zooglobal.ru/wiki/koshki-photo","2017-04-10 21:22:27",
"sejshelskaya-korotkosherstnaya-koshka-sejshelyi","/wiki/assets/img/photogalary/sejshelskaya-korotkosherstnaya-koshka-sejshelyi/img4.jpg","http://zooglobal.ru/wiki/koshki-photo","2017-04-10 22:45:47",
"sejshelskaya-korotkosherstnaya-koshka-sejshelyi","/wiki/assets/img/photogalary/sejshelskaya-korotkosherstnaya-koshka-sejshelyi/img5.jpg","http://zooglobal.ru/wiki/koshki-photo","2017-04-11 00:09:07",
"selkirk-reks","/wiki/assets/img/photogalary/selkirk-reks/img3.jpg","http://zooglobal.ru/wiki/koshki-photo","2017-04-11 01:32:27",
"selkirk-reks","/wiki/assets/img/photogalary/selkirk-reks/img1.jpg","http://zooglobal.ru/wiki/koshki-photo","2017-04-11 02:55:47",
"selkirk-reks","/wiki/assets/img/photogalary/selkirk-reks/img2.jpg","http://zooglobal.ru/wiki/koshki-photo","2017-04-11 04:19:07",
"selkirk-reks","/wiki/assets/img/photogalary/selkirk-reks/img4.jpg","http://zooglobal.ru/wiki/koshki-photo","2017-04-11 05:42:27",
"selkirk-reks","/wiki/assets/img/photogalary/selkirk-reks/img5.jpg","http://zooglobal.ru/wiki/koshki-photo","2017-04-11 07:05:47",
"serengeti","/wiki/assets/img/photogalary/serengeti/img3.jpg","http://zooglobal.ru/wiki/koshki-photo","2017-04-11 08:29:07",
"serengeti","/wiki/assets/img/photogalary/serengeti/img1.jpg","http://zooglobal.ru/wiki/koshki-photo","2017-04-11 09:52:27",
"serengeti","/wiki/assets/img/photogalary/serengeti/img2.jpg","http://zooglobal.ru/wiki/koshki-photo","2017-04-11 11:15:47",
"serengeti","/wiki/assets/img/photogalary/serengeti/img4.jpg","http://zooglobal.ru/wiki/koshki-photo","2017-04-11 12:39:07",
"serengeti","/wiki/assets/img/photogalary/serengeti/img5.jpg","http://zooglobal.ru/wiki/koshki-photo","2017-04-11 14:02:27",
"siamskaya-koshka","/wiki/assets/img/photogalary/siamskaya-koshka/img3.jpg","http://zooglobal.ru/wiki/koshki-photo","2017-04-11 15:25:47",
"siamskaya-koshka","/wiki/assets/img/photogalary/siamskaya-koshka/img1.jpg","http://zooglobal.ru/wiki/koshki-photo","2017-04-11 16:49:07",
"siamskaya-koshka","/wiki/assets/img/photogalary/siamskaya-koshka/img2.jpg","http://zooglobal.ru/wiki/koshki-photo","2017-04-11 18:12:27",
"siamskaya-koshka","/wiki/assets/img/photogalary/siamskaya-koshka/img4.jpg","http://zooglobal.ru/wiki/koshki-photo","2017-04-11 19:35:47",
"siamskaya-koshka","/wiki/assets/img/photogalary/siamskaya-koshka/img5.jpg","http://zooglobal.ru/wiki/koshki-photo","2017-04-11 20:59:07",
"sibirskaya-koshka","/wiki/assets/img/photogalary/sibirskaya-koshka/img3.jpg","http://zooglobal.ru/wiki/koshki-photo","2017-04-11 22:22:27",
"sibirskaya-koshka","/wiki/assets/img/photogalary/sibirskaya-koshka/img1.jpg","http://zooglobal.ru/wiki/koshki-photo","2017-04-11 23:45:47",
"sibirskaya-koshka","/wiki/assets/img/photogalary/sibirskaya-koshka/img2.jpg","http://zooglobal.ru/wiki/koshki-photo","2017-04-12 01:09:07",
"sibirskaya-koshka","/wiki/assets/img/photogalary/sibirskaya-koshka/img4.jpg","http://zooglobal.ru/wiki/koshki-photo","2017-04-12 02:32:27",
"sibirskaya-koshka","/wiki/assets/img/photogalary/sibirskaya-koshka/img5.jpg","http://zooglobal.ru/wiki/koshki-photo","2017-04-12 03:55:47",
"singapurskaya-koshka","/wiki/assets/img/photogalary/singapurskaya-koshka/img3.jpg","http://zooglobal.ru/wiki/koshki-photo","2017-04-12 05:19:07",
"singapurskaya-koshka","/wiki/assets/img/photogalary/singapurskaya-koshka/img1.jpg","http://zooglobal.ru/wiki/koshki-photo","2017-04-12 06:42:27",
"singapurskaya-koshka","/wiki/assets/img/photogalary/singapurskaya-koshka/img2.jpg","http://zooglobal.ru/wiki/koshki-photo","2017-04-12 08:05:47",
"singapurskaya-koshka","/wiki/assets/img/photogalary/singapurskaya-koshka/img4.jpg","http://zooglobal.ru/wiki/koshki-photo","2017-04-12 09:29:07",
"singapurskaya-koshka","/wiki/assets/img/photogalary/singapurskaya-koshka/img5.jpg","http://zooglobal.ru/wiki/koshki-photo","2017-04-12 10:52:27",
"snou-shu","/wiki/assets/img/photogalary/snou-shu/img3.jpg","http://zooglobal.ru/wiki/koshki-photo","2017-04-12 12:15:47",
"snou-shu","/wiki/assets/img/photogalary/snou-shu/img1.jpg","http://zooglobal.ru/wiki/koshki-photo","2017-04-12 13:39:07",
"snou-shu","/wiki/assets/img/photogalary/snou-shu/img2.jpg","http://zooglobal.ru/wiki/koshki-photo","2017-04-12 15:02:27",
"snou-shu","/wiki/assets/img/photogalary/snou-shu/img4.jpg","http://zooglobal.ru/wiki/koshki-photo","2017-04-12 16:25:47",
"snou-shu","/wiki/assets/img/photogalary/snou-shu/img5.jpg","http://zooglobal.ru/wiki/koshki-photo","2017-04-12 17:49:07",
"sokoke-soukok,-kenijskaya-lesnaya-koshka","/wiki/assets/img/photogalary/sokoke-soukok,-kenijskaya-lesnaya-koshka/img3.jpg","http://zooglobal.ru/wiki/koshki-photo","2017-04-12 19:12:27",
"sokoke-soukok,-kenijskaya-lesnaya-koshka","/wiki/assets/img/photogalary/sokoke-soukok,-kenijskaya-lesnaya-koshka/img1.jpg","http://zooglobal.ru/wiki/koshki-photo","2017-04-12 20:35:47",
"sokoke-soukok,-kenijskaya-lesnaya-koshka","/wiki/assets/img/photogalary/sokoke-soukok,-kenijskaya-lesnaya-koshka/img2.jpg","http://zooglobal.ru/wiki/koshki-photo","2017-04-12 21:59:07",
"sokoke-soukok,-kenijskaya-lesnaya-koshka","/wiki/assets/img/photogalary/sokoke-soukok,-kenijskaya-lesnaya-koshka/img4.jpg","http://zooglobal.ru/wiki/koshki-photo","2017-04-12 23:22:27",
"sokoke-soukok,-kenijskaya-lesnaya-koshka","/wiki/assets/img/photogalary/sokoke-soukok,-kenijskaya-lesnaya-koshka/img5.jpg","http://zooglobal.ru/wiki/koshki-photo","2017-04-13 00:45:47",
"somalijskaya-koshka-somali","/wiki/assets/img/photogalary/somalijskaya-koshka-somali/img3.jpg","http://zooglobal.ru/wiki/koshki-photo","2017-04-13 02:09:07",
"somalijskaya-koshka-somali","/wiki/assets/img/photogalary/somalijskaya-koshka-somali/img1.jpg","http://zooglobal.ru/wiki/koshki-photo","2017-04-13 03:32:27",
"somalijskaya-koshka-somali","/wiki/assets/img/photogalary/somalijskaya-koshka-somali/img2.jpg","http://zooglobal.ru/wiki/koshki-photo","2017-04-13 04:55:47",
"somalijskaya-koshka-somali","/wiki/assets/img/photogalary/somalijskaya-koshka-somali/img4.jpg","http://zooglobal.ru/wiki/koshki-photo","2017-04-13 06:19:07",
"somalijskaya-koshka-somali","/wiki/assets/img/photogalary/somalijskaya-koshka-somali/img5.jpg","http://zooglobal.ru/wiki/koshki-photo","2017-04-13 07:42:27",
"tajskaya-koshka","/wiki/assets/img/photogalary/tajskaya-koshka/img3.jpg","http://zooglobal.ru/wiki/koshki-photo","2017-04-13 09:05:47",
"tajskaya-koshka","/wiki/assets/img/photogalary/tajskaya-koshka/img1.jpg","http://zooglobal.ru/wiki/koshki-photo","2017-04-13 10:29:07",
"tajskaya-koshka","/wiki/assets/img/photogalary/tajskaya-koshka/img2.jpg","http://zooglobal.ru/wiki/koshki-photo","2017-04-13 11:52:27",
"tajskaya-koshka","/wiki/assets/img/photogalary/tajskaya-koshka/img4.jpg","http://zooglobal.ru/wiki/koshki-photo","2017-04-13 13:15:47",
"tajskaya-koshka","/wiki/assets/img/photogalary/tajskaya-koshka/img5.jpg","http://zooglobal.ru/wiki/koshki-photo","2017-04-13 14:39:07",
"tigrovaya-koshka-onczilla","/wiki/assets/img/photogalary/tigrovaya-koshka-onczilla/img3.jpg","http://zooglobal.ru/wiki/koshki-photo","2017-04-13 16:02:27",
"tigrovaya-koshka-onczilla","/wiki/assets/img/photogalary/tigrovaya-koshka-onczilla/img1.jpg","http://zooglobal.ru/wiki/koshki-photo","2017-04-13 17:25:47",
"tigrovaya-koshka-onczilla","/wiki/assets/img/photogalary/tigrovaya-koshka-onczilla/img2.jpg","http://zooglobal.ru/wiki/koshki-photo","2017-04-13 18:49:07",
"tigrovaya-koshka-onczilla","/wiki/assets/img/photogalary/tigrovaya-koshka-onczilla/img4.jpg","http://zooglobal.ru/wiki/koshki-photo","2017-04-13 20:12:27",
"tigrovaya-koshka-onczilla","/wiki/assets/img/photogalary/tigrovaya-koshka-onczilla/img5.jpg","http://zooglobal.ru/wiki/koshki-photo","2017-04-13 21:35:47",
"toj-bobtejl","/wiki/assets/img/photogalary/toj-bobtejl/img3.jpg","http://zooglobal.ru/wiki/koshki-photo","2017-04-13 22:59:07",
"toj-bobtejl","/wiki/assets/img/photogalary/toj-bobtejl/img1.jpg","http://zooglobal.ru/wiki/koshki-photo","2017-04-14 00:22:27",
"toj-bobtejl","/wiki/assets/img/photogalary/toj-bobtejl/img2.jpg","http://zooglobal.ru/wiki/koshki-photo","2017-04-14 01:45:47",
"toj-bobtejl","/wiki/assets/img/photogalary/toj-bobtejl/img4.jpg","http://zooglobal.ru/wiki/koshki-photo","2017-04-14 03:09:07",
"toj-bobtejl","/wiki/assets/img/photogalary/toj-bobtejl/img5.jpg","http://zooglobal.ru/wiki/koshki-photo","2017-04-14 04:32:27",
"tojger","/wiki/assets/img/photogalary/tojger/img3.jpg","http://zooglobal.ru/wiki/koshki-photo","2017-04-14 05:55:47",
"tojger","/wiki/assets/img/photogalary/tojger/img1.jpg","http://zooglobal.ru/wiki/koshki-photo","2017-04-14 07:19:07",
"tojger","/wiki/assets/img/photogalary/tojger/img2.jpg","http://zooglobal.ru/wiki/koshki-photo","2017-04-14 08:42:27",
"tojger","/wiki/assets/img/photogalary/tojger/img4.jpg","http://zooglobal.ru/wiki/koshki-photo","2017-04-14 10:05:47",
"tojger","/wiki/assets/img/photogalary/tojger/img5.jpg","http://zooglobal.ru/wiki/koshki-photo","2017-04-14 11:29:07",
"tonkinskaya-koshka","/wiki/assets/img/photogalary/tonkinskaya-koshka/img3.jpg","http://zooglobal.ru/wiki/koshki-photo","2017-04-14 12:52:27",
"tonkinskaya-koshka","/wiki/assets/img/photogalary/tonkinskaya-koshka/img1.jpg","http://zooglobal.ru/wiki/koshki-photo","2017-04-14 14:15:47",
"tonkinskaya-koshka","/wiki/assets/img/photogalary/tonkinskaya-koshka/img2.jpg","http://zooglobal.ru/wiki/koshki-photo","2017-04-14 15:39:07",
"tonkinskaya-koshka","/wiki/assets/img/photogalary/tonkinskaya-koshka/img4.jpg","http://zooglobal.ru/wiki/koshki-photo","2017-04-14 17:02:27",
"tonkinskaya-koshka","/wiki/assets/img/photogalary/tonkinskaya-koshka/img5.jpg","http://zooglobal.ru/wiki/koshki-photo","2017-04-14 18:25:47",
"tureczkaya-angorskaya-koshka","/wiki/assets/img/photogalary/tureczkaya-angorskaya-koshka/img3.jpg","http://zooglobal.ru/wiki/koshki-photo","2017-04-14 19:49:07",
"tureczkaya-angorskaya-koshka","/wiki/assets/img/photogalary/tureczkaya-angorskaya-koshka/img1.jpg","http://zooglobal.ru/wiki/koshki-photo","2017-04-14 21:12:27",
"tureczkaya-angorskaya-koshka","/wiki/assets/img/photogalary/tureczkaya-angorskaya-koshka/img2.jpg","http://zooglobal.ru/wiki/koshki-photo","2017-04-14 22:35:47",
"tureczkaya-angorskaya-koshka","/wiki/assets/img/photogalary/tureczkaya-angorskaya-koshka/img4.jpg","http://zooglobal.ru/wiki/koshki-photo","2017-04-14 23:59:07",
"tureczkaya-angorskaya-koshka","/wiki/assets/img/photogalary/tureczkaya-angorskaya-koshka/img5.jpg","http://zooglobal.ru/wiki/koshki-photo","2017-04-15 01:22:27",
"ukrainskij-levkoj","/wiki/assets/img/photogalary/ukrainskij-levkoj/img3.jpg","http://zooglobal.ru/wiki/koshki-photo","2017-04-15 02:45:47",
"ukrainskij-levkoj","/wiki/assets/img/photogalary/ukrainskij-levkoj/img1.jpg","http://zooglobal.ru/wiki/koshki-photo","2017-04-15 04:09:07",
"ukrainskij-levkoj","/wiki/assets/img/photogalary/ukrainskij-levkoj/img2.jpg","http://zooglobal.ru/wiki/koshki-photo","2017-04-15 05:32:27",
"ukrainskij-levkoj","/wiki/assets/img/photogalary/ukrainskij-levkoj/img4.jpg","http://zooglobal.ru/wiki/koshki-photo","2017-04-15 06:55:47",
"ukrainskij-levkoj","/wiki/assets/img/photogalary/ukrainskij-levkoj/img5.jpg","http://zooglobal.ru/wiki/koshki-photo","2017-04-15 08:19:07",
"forin-vajt-foreign-white","/wiki/assets/img/photogalary/forin-vajt-foreign-white/img3.jpg","http://zooglobal.ru/wiki/koshki-photo","2017-04-15 09:42:27",
"forin-vajt-foreign-white","/wiki/assets/img/photogalary/forin-vajt-foreign-white/img1.jpg","http://zooglobal.ru/wiki/koshki-photo","2017-04-15 11:05:47",
"forin-vajt-foreign-white","/wiki/assets/img/photogalary/forin-vajt-foreign-white/img2.jpg","http://zooglobal.ru/wiki/koshki-photo","2017-04-15 12:29:07",
"forin-vajt-foreign-white","/wiki/assets/img/photogalary/forin-vajt-foreign-white/img4.jpg","http://zooglobal.ru/wiki/koshki-photo","2017-04-15 13:52:27",
"forin-vajt-foreign-white","/wiki/assets/img/photogalary/forin-vajt-foreign-white/img5.jpg","http://zooglobal.ru/wiki/koshki-photo","2017-04-15 15:15:47",
"czejlonskaya-koshka","/wiki/assets/img/photogalary/czejlonskaya-koshka/img3.jpg","http://zooglobal.ru/wiki/koshki-photo","2017-04-15 16:39:07",
"czejlonskaya-koshka","/wiki/assets/img/photogalary/czejlonskaya-koshka/img1.jpg","http://zooglobal.ru/wiki/koshki-photo","2017-04-15 18:02:27",
"czejlonskaya-koshka","/wiki/assets/img/photogalary/czejlonskaya-koshka/img2.jpg","http://zooglobal.ru/wiki/koshki-photo","2017-04-15 19:25:47",
"czejlonskaya-koshka","/wiki/assets/img/photogalary/czejlonskaya-koshka/img4.jpg","http://zooglobal.ru/wiki/koshki-photo","2017-04-15 20:49:07",
"czejlonskaya-koshka","/wiki/assets/img/photogalary/czejlonskaya-koshka/img5.jpg","http://zooglobal.ru/wiki/koshki-photo","2017-04-15 22:12:27",
"chauzi-xausi-shauzi","/wiki/assets/img/photogalary/chauzi-xausi-shauzi/img3.jpg","http://zooglobal.ru/wiki/koshki-photo","2017-04-15 23:35:47",
"chauzi-xausi-shauzi","/wiki/assets/img/photogalary/chauzi-xausi-shauzi/img1.jpg","http://zooglobal.ru/wiki/koshki-photo","2017-04-16 00:59:07",
"chauzi-xausi-shauzi","/wiki/assets/img/photogalary/chauzi-xausi-shauzi/img2.jpg","http://zooglobal.ru/wiki/koshki-photo","2017-04-16 02:22:27",
"chauzi-xausi-shauzi","/wiki/assets/img/photogalary/chauzi-xausi-shauzi/img4.jpg","http://zooglobal.ru/wiki/koshki-photo","2017-04-16 03:45:47",
"chauzi-xausi-shauzi","/wiki/assets/img/photogalary/chauzi-xausi-shauzi/img5.jpg","http://zooglobal.ru/wiki/koshki-photo","2017-04-16 05:09:07",
"chernonogaya-koshka","/wiki/assets/img/photogalary/chernonogaya-koshka/img3.jpg","http://zooglobal.ru/wiki/koshki-photo","2017-04-16 06:32:27",
"chernonogaya-koshka","/wiki/assets/img/photogalary/chernonogaya-koshka/img1.jpg","http://zooglobal.ru/wiki/koshki-photo","2017-04-16 07:55:47",
"chernonogaya-koshka","/wiki/assets/img/photogalary/chernonogaya-koshka/img2.jpg","http://zooglobal.ru/wiki/koshki-photo","2017-04-16 09:19:07",
"chernonogaya-koshka","/wiki/assets/img/photogalary/chernonogaya-koshka/img4.jpg","http://zooglobal.ru/wiki/koshki-photo","2017-04-16 10:42:27",
"chernonogaya-koshka","/wiki/assets/img/photogalary/chernonogaya-koshka/img5.jpg","http://zooglobal.ru/wiki/koshki-photo","2017-04-16 12:05:47",
"shantili-tiffani","/wiki/assets/img/photogalary/shantili-tiffani/img3.jpg","http://zooglobal.ru/wiki/koshki-photo","2017-04-16 13:29:07",
"shantili-tiffani","/wiki/assets/img/photogalary/shantili-tiffani/img1.jpg","http://zooglobal.ru/wiki/koshki-photo","2017-04-16 14:52:27",
"shantili-tiffani","/wiki/assets/img/photogalary/shantili-tiffani/img2.jpg","http://zooglobal.ru/wiki/koshki-photo","2017-04-16 16:15:47",
"shantili-tiffani","/wiki/assets/img/photogalary/shantili-tiffani/img4.jpg","http://zooglobal.ru/wiki/koshki-photo","2017-04-16 17:39:07",
"shantili-tiffani","/wiki/assets/img/photogalary/shantili-tiffani/img5.jpg","http://zooglobal.ru/wiki/koshki-photo","2017-04-16 19:02:27",
"shartez-kartezianskaya-koshka","/wiki/assets/img/photogalary/shartez-kartezianskaya-koshka/img3.jpg","http://zooglobal.ru/wiki/koshki-photo","2017-04-16 20:25:47",
"shartez-kartezianskaya-koshka","/wiki/assets/img/photogalary/shartez-kartezianskaya-koshka/img1.jpg","http://zooglobal.ru/wiki/koshki-photo","2017-04-16 21:49:07",
"shartez-kartezianskaya-koshka","/wiki/assets/img/photogalary/shartez-kartezianskaya-koshka/img2.jpg","http://zooglobal.ru/wiki/koshki-photo","2017-04-16 23:12:27",
"shartez-kartezianskaya-koshka","/wiki/assets/img/photogalary/shartez-kartezianskaya-koshka/img4.jpg","http://zooglobal.ru/wiki/koshki-photo","2017-04-17 00:35:47",
"shartez-kartezianskaya-koshka","/wiki/assets/img/photogalary/shartez-kartezianskaya-koshka/img5.jpg","http://zooglobal.ru/wiki/koshki-photo","2017-04-17 01:59:07",
"shinshilla-persidskaya","/wiki/assets/img/photogalary/shinshilla-persidskaya/img3.jpg","http://zooglobal.ru/wiki/koshki-photo","2017-04-17 03:22:27",
"shinshilla-persidskaya","/wiki/assets/img/photogalary/shinshilla-persidskaya/img1.jpg","http://zooglobal.ru/wiki/koshki-photo","2017-04-17 04:45:47",
"shinshilla-persidskaya","/wiki/assets/img/photogalary/shinshilla-persidskaya/img2.jpg","http://zooglobal.ru/wiki/koshki-photo","2017-04-17 06:09:07",
"shinshilla-persidskaya","/wiki/assets/img/photogalary/shinshilla-persidskaya/img4.jpg","http://zooglobal.ru/wiki/koshki-photo","2017-04-17 07:32:27",
"shinshilla-persidskaya","/wiki/assets/img/photogalary/shinshilla-persidskaya/img5.jpg","http://zooglobal.ru/wiki/koshki-photo","2017-04-17 08:55:47",
"xajlend-fold","/wiki/assets/img/photogalary/xajlend-fold/img3.jpg","http://zooglobal.ru/wiki/koshki-photo","2017-04-17 10:19:07",
"xajlend-fold","/wiki/assets/img/photogalary/xajlend-fold/img1.jpg","http://zooglobal.ru/wiki/koshki-photo","2017-04-17 11:42:27",
"xajlend-fold","/wiki/assets/img/photogalary/xajlend-fold/img2.jpg","http://zooglobal.ru/wiki/koshki-photo","2017-04-17 13:05:47",
"xajlend-fold","/wiki/assets/img/photogalary/xajlend-fold/img4.jpg","http://zooglobal.ru/wiki/koshki-photo","2017-04-17 14:29:07",
"xajlend-fold","/wiki/assets/img/photogalary/xajlend-fold/img5.jpg","http://zooglobal.ru/wiki/koshki-photo","2017-04-17 15:52:27",
"shotlandskaya-vislouxaya-koshka-skottish-fold","/wiki/assets/img/photogalary/shotlandskaya-vislouxaya-koshka-skottish-fold/img3.jpg","http://zooglobal.ru/wiki/koshki-photo","2017-04-17 17:15:47",
"shotlandskaya-vislouxaya-koshka-skottish-fold","/wiki/assets/img/photogalary/shotlandskaya-vislouxaya-koshka-skottish-fold/img1.jpg","http://zooglobal.ru/wiki/koshki-photo","2017-04-17 18:39:07",
"shotlandskaya-vislouxaya-koshka-skottish-fold","/wiki/assets/img/photogalary/shotlandskaya-vislouxaya-koshka-skottish-fold/img2.jpg","http://zooglobal.ru/wiki/koshki-photo","2017-04-17 20:02:27",
"shotlandskaya-vislouxaya-koshka-skottish-fold","/wiki/assets/img/photogalary/shotlandskaya-vislouxaya-koshka-skottish-fold/img4.jpg","http://zooglobal.ru/wiki/koshki-photo","2017-04-17 21:25:47",
"shotlandskaya-vislouxaya-koshka-skottish-fold","/wiki/assets/img/photogalary/shotlandskaya-vislouxaya-koshka-skottish-fold/img5.jpg","http://zooglobal.ru/wiki/koshki-photo","2017-04-17 22:49:07",
"xajlend-strajt","/wiki/assets/img/photogalary/xajlend-strajt/img3.jpg","http://zooglobal.ru/wiki/koshki-photo","2017-04-18 00:12:27",
"xajlend-strajt","/wiki/assets/img/photogalary/xajlend-strajt/img1.jpg","http://zooglobal.ru/wiki/koshki-photo","2017-04-18 01:35:47",
"xajlend-strajt","/wiki/assets/img/photogalary/xajlend-strajt/img2.jpg","http://zooglobal.ru/wiki/koshki-photo","2017-04-18 02:59:07",
"xajlend-strajt","/wiki/assets/img/photogalary/xajlend-strajt/img4.jpg","http://zooglobal.ru/wiki/koshki-photo","2017-04-18 04:22:27",
"xajlend-strajt","/wiki/assets/img/photogalary/xajlend-strajt/img5.jpg","http://zooglobal.ru/wiki/koshki-photo","2017-04-18 05:45:47",
"shotlandskaya-pryamouxaya-koshka-skottish-strajt","/wiki/assets/img/photogalary/shotlandskaya-pryamouxaya-koshka-skottish-strajt/img3.jpg","http://zooglobal.ru/wiki/koshki-photo","2017-04-18 07:09:07",
"shotlandskaya-pryamouxaya-koshka-skottish-strajt","/wiki/assets/img/photogalary/shotlandskaya-pryamouxaya-koshka-skottish-strajt/img1.jpg","http://zooglobal.ru/wiki/koshki-photo","2017-04-18 08:32:27",
"shotlandskaya-pryamouxaya-koshka-skottish-strajt","/wiki/assets/img/photogalary/shotlandskaya-pryamouxaya-koshka-skottish-strajt/img2.jpg","http://zooglobal.ru/wiki/koshki-photo","2017-04-18 09:55:47",
"shotlandskaya-pryamouxaya-koshka-skottish-strajt","/wiki/assets/img/photogalary/shotlandskaya-pryamouxaya-koshka-skottish-strajt/img4.jpg","http://zooglobal.ru/wiki/koshki-photo","2017-04-18 11:19:07",
"shotlandskaya-pryamouxaya-koshka-skottish-strajt","/wiki/assets/img/photogalary/shotlandskaya-pryamouxaya-koshka-skottish-strajt/img5.jpg","http://zooglobal.ru/wiki/koshki-photo","2017-04-18 12:42:27",
"egejskaya-koshka","/wiki/assets/img/photogalary/egejskaya-koshka/img3.jpg","http://zooglobal.ru/wiki/koshki-photo","2017-04-18 14:05:47",
"egejskaya-koshka","/wiki/assets/img/photogalary/egejskaya-koshka/img1.jpg","http://zooglobal.ru/wiki/koshki-photo","2017-04-18 15:29:07",
"egejskaya-koshka","/wiki/assets/img/photogalary/egejskaya-koshka/img2.jpg","http://zooglobal.ru/wiki/koshki-photo","2017-04-18 16:52:27",
"egejskaya-koshka","/wiki/assets/img/photogalary/egejskaya-koshka/img4.jpg","http://zooglobal.ru/wiki/koshki-photo","2017-04-18 18:15:47",
"egejskaya-koshka","/wiki/assets/img/photogalary/egejskaya-koshka/img5.jpg","http://zooglobal.ru/wiki/koshki-photo","2017-04-18 19:39:07",
"ekzoticheskaya-korotkosherstnaya-koshka-ekzot","/wiki/assets/img/photogalary/ekzoticheskaya-korotkosherstnaya-koshka-ekzot/img3.jpg","http://zooglobal.ru/wiki/koshki-photo","2017-04-18 21:02:27",
"ekzoticheskaya-korotkosherstnaya-koshka-ekzot","/wiki/assets/img/photogalary/ekzoticheskaya-korotkosherstnaya-koshka-ekzot/img1.jpg","http://zooglobal.ru/wiki/koshki-photo","2017-04-18 22:25:47",
"ekzoticheskaya-korotkosherstnaya-koshka-ekzot","/wiki/assets/img/photogalary/ekzoticheskaya-korotkosherstnaya-koshka-ekzot/img2.jpg","http://zooglobal.ru/wiki/koshki-photo","2017-04-18 23:49:07",
"ekzoticheskaya-korotkosherstnaya-koshka-ekzot","/wiki/assets/img/photogalary/ekzoticheskaya-korotkosherstnaya-koshka-ekzot/img4.jpg","http://zooglobal.ru/wiki/koshki-photo","2017-04-19 01:12:27",
"ekzoticheskaya-korotkosherstnaya-koshka-ekzot","/wiki/assets/img/photogalary/ekzoticheskaya-korotkosherstnaya-koshka-ekzot/img5.jpg","http://zooglobal.ru/wiki/koshki-photo","2017-04-19 02:35:47",
"elf","/wiki/assets/img/photogalary/elf/img3.jpg","http://zooglobal.ru/wiki/koshki-photo","2017-04-19 03:59:07",
"elf","/wiki/assets/img/photogalary/elf/img1.jpg","http://zooglobal.ru/wiki/koshki-photo","2017-04-19 05:22:27",
"elf","/wiki/assets/img/photogalary/elf/img2.jpg","http://zooglobal.ru/wiki/koshki-photo","2017-04-19 06:45:47",
"elf","/wiki/assets/img/photogalary/elf/img4.jpg","http://zooglobal.ru/wiki/koshki-photo","2017-04-19 08:09:07",
"elf","/wiki/assets/img/photogalary/elf/img5.jpg","http://zooglobal.ru/wiki/koshki-photo","2017-04-19 09:32:27",
"yavanskaya-koshka","/wiki/assets/img/photogalary/yavanskaya-koshka/img3.jpg","http://zooglobal.ru/wiki/koshki-photo","2017-04-19 10:55:47",
"yavanskaya-koshka","/wiki/assets/img/photogalary/yavanskaya-koshka/img1.jpg","http://zooglobal.ru/wiki/koshki-photo","2017-04-19 12:19:07",
"yavanskaya-koshka","/wiki/assets/img/photogalary/yavanskaya-koshka/img2.jpg","http://zooglobal.ru/wiki/koshki-photo","2017-04-19 13:42:27",
"yavanskaya-koshka","/wiki/assets/img/photogalary/yavanskaya-koshka/img4.jpg","http://zooglobal.ru/wiki/koshki-photo","2017-04-19 15:05:47",
"yavanskaya-koshka","/wiki/assets/img/photogalary/yavanskaya-koshka/img5.jpg","http://zooglobal.ru/wiki/koshki-photo","2017-04-19 16:29:07",
