"http://murkote.com/wp-content/uploads/2014/03/abissinskaya-koshka-foto-150x150.jpg","http://murkote.com/abissinskaya-koshka/","2017-03-24 08:46:40",
"http://murkote.com/wp-content/uploads/2014/01/abissinskaya-koshka.jpg.pagespeed.ce.egrcw45KnJ.jpg","http://murkote.com/abissinskaya-koshka/","2017-03-24 10:10:00",
"http://murkote.com/wp-content/uploads/2014/03/abissinskaya-koshka-foto.jpg.pagespeed.ce.A4WHftHo2h.jpg","http://murkote.com/abissinskaya-koshka/","2017-03-24 11:33:20",
"http://murkote.com/wp-content/uploads/2014/03/abissinskie-koshki-okras.jpg.pagespeed.ce.NXGcAwxnxS.jpg","http://murkote.com/abissinskaya-koshka/","2017-03-24 12:56:40",
"http://murkote.com/wp-content/uploads/2014/03/dikiy-abissinskiy-kotenok.jpg.pagespeed.ce.fBoHcLqM-z.jpg","http://murkote.com/abissinskaya-koshka/","2017-03-24 14:20:00",
"http://murkote.com/wp-content/uploads/2014/03/abissinskaya-sorell.jpg.pagespeed.ce.ztA3b0zCW7.jpg","http://murkote.com/abissinskaya-koshka/","2017-03-24 15:43:20",
"http://murkote.com/wp-content/uploads/2014/03/blue-abissinskaya.jpg.pagespeed.ce.Wz2tOxZB6-.jpg","http://murkote.com/abissinskaya-koshka/","2017-03-24 17:06:40",
"http://murkote.com/wp-content/uploads/2014/03/abissinskaya-koshka-favn.jpg.pagespeed.ce.qhnAb6LyFZ.jpg","http://murkote.com/abissinskaya-koshka/","2017-03-24 18:30:00",
"http://murkote.com/wp-content/uploads/2014/03/abissinskie-kotyata-foto.jpg.pagespeed.ce.rQ-Pz8jFBb.jpg","http://murkote.com/abissinskaya-koshka/","2017-03-24 19:53:20",
"http://murkote.com/wp-content/uploads/2015/06/australian-mist-150x150.jpg","http://murkote.com/avstraliyskiy-mist/","2017-03-24 21:16:40",
"http://murkote.com/wp-content/uploads/2015/06/australian-mist.jpg.pagespeed.ce.v9jbH3Gj18.jpg","http://murkote.com/avstraliyskiy-mist/","2017-03-24 22:40:00",
"http://murkote.com/wp-content/uploads/2015/06/australian-mist-1.jpg","http://murkote.com/avstraliyskiy-mist/","2017-03-25 00:03:20",
"http://murkote.com/wp-content/uploads/2015/06/australian-mist-2.jpg","http://murkote.com/avstraliyskiy-mist/","2017-03-25 01:26:40",
"http://murkote.com/wp-content/uploads/2015/06/australian-mist-3.jpg","http://murkote.com/avstraliyskiy-mist/","2017-03-25 02:50:00",
"http://murkote.com/wp-content/uploads/2015/06/australian-mist-4.jpg","http://murkote.com/avstraliyskiy-mist/","2017-03-25 04:13:20",
"http://murkote.com/wp-content/uploads/2015/06/australian-mist-5.jpg.pagespeed.ce.Ynzu5FrfIb.jpg","http://murkote.com/avstraliyskiy-mist/","2017-03-25 05:36:40",
"http://murkote.com/wp-content/uploads/2015/06/australian-mist-6.jpg","http://murkote.com/avstraliyskiy-mist/","2017-03-25 07:00:00",
"http://murkote.com/wp-content/uploads/2015/06/australian-mist-7.jpg","http://murkote.com/avstraliyskiy-mist/","2017-03-25 08:23:20",
"http://murkote.com/wp-content/uploads/2015/06/australian-mist-8.jpg","http://murkote.com/avstraliyskiy-mist/","2017-03-25 09:46:40",
"http://murkote.com/wp-content/uploads/2015/06/australian-mist-9.jpg","http://murkote.com/avstraliyskiy-mist/","2017-03-25 11:10:00",
"http://murkote.com/wp-content/uploads/2015/06/australian-mist-10.jpg","http://murkote.com/avstraliyskiy-mist/","2017-03-25 12:33:20",
"http://murkote.com/wp-content/uploads/2015/08/domik-dlya-koshki-milkbox.jpg","http://murkote.com/avstraliyskiy-mist/","2017-03-25 13:56:40",
"http://murkote.com/wp-content/uploads/2015/05/American-Bobtail-150x150.jpg","http://murkote.com/amerikanskiy-bobtail/","2017-03-25 15:20:00",
"http://murkote.com/wp-content/uploads/2015/05/American-Bobtail.jpg.pagespeed.ce.01KnQTi7K1.jpg","http://murkote.com/amerikanskiy-bobtail/","2017-03-25 16:43:20",
"http://murkote.com/wp-content/uploads/2015/05/American-Bobtail-Black.jpg","http://murkote.com/amerikanskiy-bobtail/","2017-03-25 18:06:40",
"http://murkote.com/wp-content/uploads/2015/05/American-Bobtail-Red.jpg","http://murkote.com/amerikanskiy-bobtail/","2017-03-25 19:30:00",
"http://murkote.com/wp-content/uploads/2015/05/American-Bobtail-Cat.jpg.pagespeed.ce.Z0pVuKXlg8.jpg","http://murkote.com/amerikanskiy-bobtail/","2017-03-25 20:53:20",
"http://murkote.com/wp-content/uploads/2015/05/American-Bobtail-Grey.jpg","http://murkote.com/amerikanskiy-bobtail/","2017-03-25 22:16:40",
"http://murkote.com/wp-content/uploads/2015/05/American-Bobtail-Cats.jpg","http://murkote.com/amerikanskiy-bobtail/","2017-03-25 23:40:00",
"http://murkote.com/wp-content/uploads/2015/05/American-Bobtail-Kitty.jpg","http://murkote.com/amerikanskiy-bobtail/","2017-03-26 01:03:20",
"http://murkote.com/wp-content/uploads/2015/05/yavanes-6.jpg","http://murkote.com/amerikanskiy-bobtail/","2017-03-26 02:26:40",
"http://murkote.com/wp-content/uploads/2015/06/american-curl-4-150x150.jpg","http://murkote.com/amerikanskiy-kerl/","2017-03-26 03:50:00",
"http://murkote.com/wp-content/uploads/2015/06/american-curl.jpg.pagespeed.ce.oYmdlzr43O.jpg","http://murkote.com/amerikanskiy-kerl/","2017-03-26 05:13:20",
"http://murkote.com/wp-content/uploads/2015/06/american-curl-1.jpg.pagespeed.ce.yAsJEa0WBZ.jpg","http://murkote.com/amerikanskiy-kerl/","2017-03-26 06:36:40",
"http://murkote.com/wp-content/uploads/2015/06/american-curl-2.jpg","http://murkote.com/amerikanskiy-kerl/","2017-03-26 08:00:00",
"http://murkote.com/wp-content/uploads/2015/06/american-curl-3.jpg","http://murkote.com/amerikanskiy-kerl/","2017-03-26 09:23:20",
"http://murkote.com/wp-content/uploads/2015/06/american-curl-4.jpg","http://murkote.com/amerikanskiy-kerl/","2017-03-26 10:46:40",
"http://murkote.com/wp-content/uploads/2015/06/american-curl-5.jpg","http://murkote.com/amerikanskiy-kerl/","2017-03-26 12:10:00",
"http://murkote.com/wp-content/uploads/2015/06/american-curl-6.jpg","http://murkote.com/amerikanskiy-kerl/","2017-03-26 13:33:20",
"http://murkote.com/wp-content/uploads/2015/06/american-curl-7.jpg.pagespeed.ce.TxJGH2LHzz.jpg","http://murkote.com/amerikanskiy-kerl/","2017-03-26 14:56:40",
"http://murkote.com/wp-content/uploads/2015/06/american-curl-8.jpg","http://murkote.com/amerikanskiy-kerl/","2017-03-26 16:20:00",
"http://murkote.com/wp-content/uploads/2015/06/american-curl-9.jpg","http://murkote.com/amerikanskiy-kerl/","2017-03-26 17:43:20",
"http://murkote.com/wp-content/uploads/2015/06/Anatolijskya-koshka-150x150.jpg","http://murkote.com/anatoliyskaya-koshka/","2017-03-26 19:06:40",
"http://murkote.com/wp-content/uploads/2015/06/Anatolijskya-koshka.jpg.pagespeed.ce.540b6Yk62z.jpg","http://murkote.com/anatoliyskaya-koshka/","2017-03-26 20:30:00",
"http://murkote.com/wp-content/uploads/2015/06/Anatolijskya-koshka-1.jpg","http://murkote.com/anatoliyskaya-koshka/","2017-03-26 21:53:20",
"http://murkote.com/wp-content/uploads/2015/06/Anatolijskya-koshka-2.jpg.pagespeed.ce.NiwF-KpmmA.jpg","http://murkote.com/anatoliyskaya-koshka/","2017-03-26 23:16:40",
"http://murkote.com/wp-content/uploads/2015/06/Anatolijskya-koshka-3.jpg","http://murkote.com/anatoliyskaya-koshka/","2017-03-27 00:40:00",
"http://murkote.com/wp-content/uploads/2015/06/Anatolijskya-koshka-4.jpg","http://murkote.com/anatoliyskaya-koshka/","2017-03-27 02:03:20",
"http://murkote.com/wp-content/uploads/2015/06/Anatolijskya-koshka-5.jpg","http://murkote.com/anatoliyskaya-koshka/","2017-03-27 03:26:40",
"http://murkote.com/wp-content/uploads/2015/06/Anatolijskya-koshka-6.jpg","http://murkote.com/anatoliyskaya-koshka/","2017-03-27 04:50:00",
"http://murkote.com/wp-content/uploads/2015/06/Anatolijskya-koshka-7.jpg","http://murkote.com/anatoliyskaya-koshka/","2017-03-27 06:13:20",
"http://murkote.com/wp-content/uploads/2015/06/selkirk-rex-1.jpg.pagespeed.ce.jCo5zsiCnl.jpg","http://murkote.com/anatoliyskaya-koshka/","2017-03-27 07:36:40",
"http://murkote.com/wp-content/uploads/2015/06/arabian-mau-6-150x150.jpg","http://murkote.com/araviyskiy-mau/","2017-03-27 09:00:00",
"http://murkote.com/wp-content/uploads/2015/06/arabian-mau-.jpg.pagespeed.ce.QTPky4inXE.jpg","http://murkote.com/araviyskiy-mau/","2017-03-27 10:23:20",
"http://murkote.com/wp-content/uploads/2015/06/arabian-mau-1.jpg.pagespeed.ce.e8ilLnm22b.jpg","http://murkote.com/araviyskiy-mau/","2017-03-27 11:46:40",
"http://murkote.com/wp-content/uploads/2015/06/arabian-mau-2.jpg","http://murkote.com/araviyskiy-mau/","2017-03-27 13:10:00",
"http://murkote.com/wp-content/uploads/2015/06/arabian-mau-3.jpg","http://murkote.com/araviyskiy-mau/","2017-03-27 14:33:20",
"http://murkote.com/wp-content/uploads/2015/06/arabian-mau-4.jpg","http://murkote.com/araviyskiy-mau/","2017-03-27 15:56:40",
"http://murkote.com/wp-content/uploads/2015/06/arabian-mau-5.jpg","http://murkote.com/araviyskiy-mau/","2017-03-27 17:20:00",
"http://murkote.com/wp-content/uploads/2015/06/arabian-mau-6.jpg.pagespeed.ce.9ca38eVkmr.jpg","http://murkote.com/araviyskiy-mau/","2017-03-27 18:43:20",
"http://murkote.com/wp-content/uploads/2015/06/arabian-mau-7.jpg","http://murkote.com/araviyskiy-mau/","2017-03-27 20:06:40",
"http://murkote.com/wp-content/uploads/2015/06/arabian-mau-8.jpg","http://murkote.com/araviyskiy-mau/","2017-03-27 21:30:00",
"http://murkote.com/wp-content/uploads/2015/06/arabian-mau-9.jpg","http://murkote.com/araviyskiy-mau/","2017-03-27 22:53:20",
"http://murkote.com/wp-content/uploads/2015/06/arabian-mau-10.jpg","http://murkote.com/araviyskiy-mau/","2017-03-28 00:16:40",
"http://murkote.com/wp-content/uploads/2015/06/arabian-mau-11.jpg","http://murkote.com/araviyskiy-mau/","2017-03-28 01:40:00",
"http://murkote.com/wp-content/uploads/2015/09/savarra-adult.jpg","http://murkote.com/araviyskiy-mau/","2017-03-28 03:03:20",
"http://murkote.com/wp-content/uploads/2014/03/foto-bengalskiy-kot-150x150.jpg","http://murkote.com/bengalskaya-koshka/","2017-03-28 04:26:40",
"http://murkote.com/wp-content/uploads/2014/03/bengalskaya-koshka.jpg.pagespeed.ce.hyXAEAeFvI.jpg","http://murkote.com/bengalskaya-koshka/","2017-03-28 05:50:00",
"http://murkote.com/wp-content/uploads/2014/03/foto-bengalskiy-kot.jpg.pagespeed.ce.Wi15LNqCnR.jpg","http://murkote.com/bengalskaya-koshka/","2017-03-28 07:13:20",
"http://murkote.com/wp-content/uploads/2014/03/leopardovaya-bengalskaya-koshka.jpg.pagespeed.ce.ll425sp1a2.jpg","http://murkote.com/bengalskaya-koshka/","2017-03-28 08:36:40",
"http://murkote.com/wp-content/uploads/2014/03/sorel.jpg.pagespeed.ce.oY2OvNW0S3.jpg","http://murkote.com/bengalskaya-koshka/","2017-03-28 10:00:00",
"http://murkote.com/wp-content/uploads/2014/03/mramor-bengal.jpg.pagespeed.ce.vmWCM3vf_r.jpg","http://murkote.com/bengalskaya-koshka/","2017-03-28 11:23:20",
"http://murkote.com/wp-content/uploads/2014/03/snow-bars.jpg.pagespeed.ce.a-nxBAQ8i1.jpg","http://murkote.com/bengalskaya-koshka/","2017-03-28 12:46:40",
"http://murkote.com/wp-content/uploads/2015/06/bombei-cat-5-150x150.jpg","http://murkote.com/bombeyskaya-koshka/","2017-03-28 14:10:00",
"http://murkote.com/wp-content/uploads/2015/06/bombei-cat.jpg.pagespeed.ce.r3p67O0YVC.jpg","http://murkote.com/bombeyskaya-koshka/","2017-03-28 15:33:20",
"http://murkote.com/wp-content/uploads/2015/06/bombei-cat-1.jpg.pagespeed.ce.l_s_dCHrl8.jpg","http://murkote.com/bombeyskaya-koshka/","2017-03-28 16:56:40",
"http://murkote.com/wp-content/uploads/2015/06/bombei-cat-2.jpg","http://murkote.com/bombeyskaya-koshka/","2017-03-28 18:20:00",
"http://murkote.com/wp-content/uploads/2015/06/bombei-cat-3.jpg","http://murkote.com/bombeyskaya-koshka/","2017-03-28 19:43:20",
"http://murkote.com/wp-content/uploads/2015/06/bombei-cat-4.jpg.pagespeed.ce.-q2cJp-zfS.jpg","http://murkote.com/bombeyskaya-koshka/","2017-03-28 21:06:40",
"http://murkote.com/wp-content/uploads/2015/06/bombei-cat-6.jpg","http://murkote.com/bombeyskaya-koshka/","2017-03-28 22:30:00",
"http://murkote.com/wp-content/uploads/2015/06/bombei-cat-5.jpg","http://murkote.com/bombeyskaya-koshka/","2017-03-28 23:53:20",
"http://murkote.com/wp-content/uploads/2015/06/bombei-cat-7.jpg","http://murkote.com/bombeyskaya-koshka/","2017-03-29 01:16:40",
"http://murkote.com/wp-content/uploads/2015/06/bombei-cat-8.jpg","http://murkote.com/bombeyskaya-koshka/","2017-03-29 02:40:00",
"http://murkote.com/wp-content/uploads/2015/06/bombei-cat-9.jpg","http://murkote.com/bombeyskaya-koshka/","2017-03-29 04:03:20",
"http://murkote.com/wp-content/uploads/2015/06/Minskin-8.jpg.pagespeed.ce.uR_vk8YK-1.jpg","http://murkote.com/bombeyskaya-koshka/","2017-03-29 05:26:40",
"http://murkote.com/wp-content/uploads/2015/06/Brazilian-Shorthair-cat-4-150x150.jpg","http://murkote.com/brazilskaya-korotkosherstnaya-koshka/","2017-03-29 06:50:00",
"http://murkote.com/wp-content/uploads/2015/06/Brazilian-Shorthair-cat.jpg.pagespeed.ce.yoEYM9ork0.jpg","http://murkote.com/brazilskaya-korotkosherstnaya-koshka/","2017-03-29 08:13:20",
"http://murkote.com/wp-content/uploads/2015/06/Brazilian-Shorthair-cat-1.jpg","http://murkote.com/brazilskaya-korotkosherstnaya-koshka/","2017-03-29 09:36:40",
"http://murkote.com/wp-content/uploads/2015/06/Brazilian-Shorthair-cat-2.jpg.pagespeed.ce.Rdgj-gYxXk.jpg","http://murkote.com/brazilskaya-korotkosherstnaya-koshka/","2017-03-29 11:00:00",
"http://murkote.com/wp-content/uploads/2015/06/Brazilian-Shorthair-cat-3.jpg","http://murkote.com/brazilskaya-korotkosherstnaya-koshka/","2017-03-29 12:23:20",
"http://murkote.com/wp-content/uploads/2015/06/Brazilian-Shorthair-cat-4.jpg","http://murkote.com/brazilskaya-korotkosherstnaya-koshka/","2017-03-29 13:46:40",
"http://murkote.com/wp-content/uploads/2015/06/Brazilian-Shorthair-cat-5.jpg","http://murkote.com/brazilskaya-korotkosherstnaya-koshka/","2017-03-29 15:10:00",
"http://murkote.com/wp-content/uploads/2015/06/Brazilian-Shorthair-cat-6.jpg","http://murkote.com/brazilskaya-korotkosherstnaya-koshka/","2017-03-29 16:33:20",
"http://murkote.com/wp-content/uploads/2015/09/nebelung-4.jpg","http://murkote.com/brazilskaya-korotkosherstnaya-koshka/","2017-03-29 17:56:40",
"http://murkote.com/wp-content/uploads/2015/08/british-cat-2-150x150.jpg","http://murkote.com/britanskaya-koshka/","2017-03-29 19:20:00",
"http://murkote.com/wp-content/uploads/2015/08/british-cat.jpg.pagespeed.ce.lkjjL_f1bu.jpg","http://murkote.com/britanskaya-koshka/","2017-03-29 20:43:20",
"http://murkote.com/wp-content/uploads/2015/08/british-cat-1.jpg.pagespeed.ce.K_wEtU9STj.jpg","http://murkote.com/britanskaya-koshka/","2017-03-29 22:06:40",
"http://murkote.com/wp-content/uploads/2015/08/british-cat-black.jpg.pagespeed.ce.6dIB7_89zx.jpg","http://murkote.com/britanskaya-koshka/","2017-03-29 23:30:00",
"http://murkote.com/wp-content/uploads/2015/08/british-cat-blue.jpg.pagespeed.ce.THh9sLu4Zq.jpg","http://murkote.com/britanskaya-koshka/","2017-03-30 00:53:20",
"http://murkote.com/wp-content/uploads/2015/08/british-cat-chocolate.jpg.pagespeed.ce.HbCFu3nJ8o.jpg","http://murkote.com/britanskaya-koshka/","2017-03-30 02:16:40",
"http://murkote.com/wp-content/uploads/2015/08/british-cat-colorpoint.jpg.pagespeed.ce.UIxipBe7v-.jpg","http://murkote.com/britanskaya-koshka/","2017-03-30 03:40:00",
"http://murkote.com/wp-content/uploads/2015/08/british-cat-cream.jpg.pagespeed.ce.Mv6kQDgdd5.jpg","http://murkote.com/britanskaya-koshka/","2017-03-30 05:03:20",
"http://murkote.com/wp-content/uploads/2015/08/british-cat-lilac.jpg.pagespeed.ce.getunPrrNv.jpg","http://murkote.com/britanskaya-koshka/","2017-03-30 06:26:40",
"http://murkote.com/wp-content/uploads/2015/08/british-cat-Tabby-1.jpg.pagespeed.ce.uB1k4tw_iH.jpg","http://murkote.com/britanskaya-koshka/","2017-03-30 07:50:00",
"http://murkote.com/wp-content/uploads/2015/08/british-cat-tabby.jpg.pagespeed.ce.2A1WRi32Ex.jpg","http://murkote.com/britanskaya-koshka/","2017-03-30 09:13:20",
"http://murkote.com/wp-content/uploads/2015/08/british-cat-shinshilla.jpg.pagespeed.ce.2xC4x9jkOY.jpg","http://murkote.com/britanskaya-koshka/","2017-03-30 10:36:40",
"http://murkote.com/wp-content/uploads/2015/08/british-cat-Tortie-Smoke.jpg.pagespeed.ce.ZHxvuDI1op.jpg","http://murkote.com/britanskaya-koshka/","2017-03-30 12:00:00",
"http://murkote.com/wp-content/uploads/2015/08/british-kitten-1.jpg.pagespeed.ce.JaoMpbPbmo.jpg","http://murkote.com/britanskaya-koshka/","2017-03-30 13:23:20",
"http://murkote.com/wp-content/uploads/2015/08/british-kitten.jpg.pagespeed.ce.IxpeARSlu9.jpg","http://murkote.com/britanskaya-koshka/","2017-03-30 14:46:40",
"http://murkote.com/wp-content/uploads/2015/08/british-cat-red.jpg.pagespeed.ce.1krX7SLKrt.jpg","http://murkote.com/britanskaya-koshka/","2017-03-30 16:10:00",
"http://murkote.com/wp-content/uploads/2015/08/british-kitten-3.jpg.pagespeed.ce.iTAnqXVXwt.jpg","http://murkote.com/britanskaya-koshka/","2017-03-30 17:33:20",
"http://murkote.com/wp-content/uploads/2015/08/british-cat-2.jpg.pagespeed.ce.mnuzF-4NQK.jpg","http://murkote.com/britanskaya-koshka/","2017-03-30 18:56:40",
"http://murkote.com/wp-content/uploads/2015/08/british-kitten-2.jpg.pagespeed.ce.alpz3XLzWD.jpg","http://murkote.com/britanskaya-koshka/","2017-03-30 20:20:00",
"http://murkote.com/wp-content/uploads/2015/08/british-kitten-4.jpg.pagespeed.ce._VQxOnocjD.jpg","http://murkote.com/britanskaya-koshka/","2017-03-30 21:43:20",
"http://murkote.com/wp-content/uploads/2016/12/burmanskaya-koshka-150x150.jpg","http://murkote.com/burmanskaya-koshka/","2017-03-30 23:06:40",
"http://murkote.com/wp-content/uploads/2016/12/burmanskaya-koshka.jpg.pagespeed.ce.Dltp2Apjo9.jpg","http://murkote.com/burmanskaya-koshka/","2017-03-31 00:30:00",
"http://murkote.com/wp-content/uploads/2016/12/burmanskaya-koshka-1.jpg","http://murkote.com/burmanskaya-koshka/","2017-03-31 01:53:20",
"http://murkote.com/wp-content/uploads/2016/12/burmanskaya-koshka-2.jpg","http://murkote.com/burmanskaya-koshka/","2017-03-31 03:16:40",
"http://murkote.com/wp-content/uploads/2016/12/burmanskaya-koshka-3.jpg.pagespeed.ce.zWF_D92DV1.jpg","http://murkote.com/burmanskaya-koshka/","2017-03-31 04:40:00",
"http://murkote.com/wp-content/uploads/2016/12/burmanskaya-koshka-4.jpg","http://murkote.com/burmanskaya-koshka/","2017-03-31 06:03:20",
"http://murkote.com/wp-content/uploads/2016/12/burmanskaya-koshka-5.jpg.pagespeed.ce.yCDNR5L5RK.jpg","http://murkote.com/burmanskaya-koshka/","2017-03-31 07:26:40",
"http://murkote.com/wp-content/uploads/2016/12/burmanskaya-koshka-6.jpg","http://murkote.com/burmanskaya-koshka/","2017-03-31 08:50:00",
"http://murkote.com/wp-content/uploads/2016/12/burmanskaya-koshka-7.jpg","http://murkote.com/burmanskaya-koshka/","2017-03-31 10:13:20",
"http://murkote.com/wp-content/uploads/2016/12/burmanskaya-koshka-9.jpg","http://murkote.com/burmanskaya-koshka/","2017-03-31 11:36:40",
"http://murkote.com/wp-content/uploads/2016/12/burmanskaya-koshka-10.jpg","http://murkote.com/burmanskaya-koshka/","2017-03-31 13:00:00",
"http://murkote.com/wp-content/uploads/2016/12/burmanskaya-koshka-11.jpg","http://murkote.com/burmanskaya-koshka/","2017-03-31 14:23:20",
"http://murkote.com/wp-content/uploads/2016/12/burmanskaya-koshka-8.jpg","http://murkote.com/burmanskaya-koshka/","2017-03-31 15:46:40",
"http://murkote.com/wp-content/uploads/2013/10/otzivi-o-korme-gourmet.jpg","http://murkote.com/burmanskaya-koshka/","2017-03-31 17:10:00",
"http://murkote.com/wp-content/uploads/2015/04/burmilla-cat5-150x150.jpg","http://murkote.com/burmilla/","2017-03-31 18:33:20",
"http://murkote.com/wp-content/uploads/2015/04/burmilla-cat5.jpg.pagespeed.ce.t2VC-4s0RA.jpg","http://murkote.com/burmilla/","2017-03-31 19:56:40",
"http://murkote.com/wp-content/uploads/2015/04/burmilla.jpg","http://murkote.com/burmilla/","2017-03-31 21:20:00",
"http://murkote.com/wp-content/uploads/2015/04/burmilla-cat-on-green.jpg","http://murkote.com/burmilla/","2017-03-31 22:43:20",
"http://murkote.com/wp-content/uploads/2015/04/burmilla-cats.jpg.pagespeed.ce.jrLDfII0mP.jpg","http://murkote.com/burmilla/","2017-04-01 00:06:40",
"http://murkote.com/wp-content/uploads/2015/04/burmilla-cat-on-blue.jpg","http://murkote.com/burmilla/","2017-04-01 01:30:00",
"http://murkote.com/wp-content/uploads/2015/04/Burmilla-kittens.jpg","http://murkote.com/burmilla/","2017-04-01 02:53:20",
"http://murkote.com/wp-content/uploads/2015/04/sleep-burmilla.jpg","http://murkote.com/burmilla/","2017-04-01 04:16:40",
"http://murkote.com/wp-content/uploads/2015/04/three-burmilla-kittens.jpg","http://murkote.com/burmilla/","2017-04-01 05:40:00",
"http://murkote.com/wp-content/uploads/2015/04/otzivi-o-korme-canidae.jpg.pagespeed.ce.CQCBwxKqAK.jpg","http://murkote.com/burmilla/","2017-04-01 07:03:20",
"http://murkote.com/wp-content/uploads/2015/06/gavana-3-150x150.jpg","http://murkote.com/gavana/","2017-04-01 08:26:40",
"http://murkote.com/wp-content/uploads/2015/06/gavana.jpg.pagespeed.ce._dmS16en_z.jpg","http://murkote.com/gavana/","2017-04-01 09:50:00",
"http://murkote.com/wp-content/uploads/2015/06/gavana-1.jpg.pagespeed.ce.9upepCHzqH.jpg","http://murkote.com/gavana/","2017-04-01 11:13:20",
"http://murkote.com/wp-content/uploads/2015/06/gavana-2.jpg","http://murkote.com/gavana/","2017-04-01 12:36:40",
"http://murkote.com/wp-content/uploads/2015/06/gavana-3.jpg","http://murkote.com/gavana/","2017-04-01 14:00:00",
"http://murkote.com/wp-content/uploads/2015/06/gavana-4.jpg","http://murkote.com/gavana/","2017-04-01 15:23:20",
"http://murkote.com/wp-content/uploads/2015/06/gavana-5.jpg","http://murkote.com/gavana/","2017-04-01 16:46:40",
"http://murkote.com/wp-content/uploads/2015/06/gavana-6.jpg.pagespeed.ce.yeH2Ja85wQ.jpg","http://murkote.com/gavana/","2017-04-01 18:10:00",
"http://murkote.com/wp-content/uploads/2015/06/gavana-7.jpg","http://murkote.com/gavana/","2017-04-01 19:33:20",
"http://murkote.com/wp-content/uploads/2015/06/gavana-8.jpg","http://murkote.com/gavana/","2017-04-01 20:56:40",
"http://murkote.com/wp-content/uploads/2015/06/gavana-9.jpg","http://murkote.com/gavana/","2017-04-01 22:20:00",
"http://murkote.com/wp-content/uploads/2015/06/gavana-10.jpg","http://murkote.com/gavana/","2017-04-01 23:43:20",
"http://murkote.com/wp-content/uploads/2015/08/highlend-fold-4.jpg","http://murkote.com/gavana/","2017-04-02 01:06:40",
"http://murkote.com/wp-content/uploads/2015/03/devon-rex-150x150.jpg","http://murkote.com/devon-rex/","2017-04-02 02:30:00",
"http://murkote.com/wp-content/uploads/2015/03/devon-rex.jpg.pagespeed.ce.Hgvk5492IC.jpg","http://murkote.com/devon-rex/","2017-04-02 03:53:20",
"http://murkote.com/wp-content/uploads/2015/03/devon-rex-2.jpg.pagespeed.ce.ea4fNY_dWs.jpg","http://murkote.com/devon-rex/","2017-04-02 05:16:40",
"http://murkote.com/wp-content/uploads/2015/03/devon-rex-cats.jpg.pagespeed.ce.AwT30ymu2R.jpg","http://murkote.com/devon-rex/","2017-04-02 06:40:00",
"http://murkote.com/wp-content/uploads/2015/03/devon-rex-cat-looking.jpg.pagespeed.ce.Zrgf-LN2cu.jpg","http://murkote.com/devon-rex/","2017-04-02 08:03:20",
"http://murkote.com/wp-content/uploads/2015/03/devon-rex-cat-sleep.jpg.pagespeed.ce.5L1t-4sFLD.jpg","http://murkote.com/devon-rex/","2017-04-02 09:26:40",
"http://murkote.com/wp-content/uploads/2015/03/devon-rex-cat-580x360.jpg.pagespeed.ce.PhMvA87kBh.jpg","http://murkote.com/devon-rex/","2017-04-02 10:50:00",
"http://murkote.com/wp-content/uploads/2015/03/devon-rex-black.jpg.pagespeed.ce.0k6JkdQsi3.jpg","http://murkote.com/devon-rex/","2017-04-02 12:13:20",
"http://murkote.com/wp-content/uploads/2015/03/devon-rex-cat-blue.jpg.pagespeed.ce.28x6t7ytDI.jpg","http://murkote.com/devon-rex/","2017-04-02 13:36:40",
"http://murkote.com/wp-content/uploads/2015/03/devon-rex-cat-gold.jpg.pagespeed.ce.MEBmhh1O2q.jpg","http://murkote.com/devon-rex/","2017-04-02 15:00:00",
"http://murkote.com/wp-content/uploads/2015/03/devon-rex-cat-grey.jpg.pagespeed.ce.fYp554eVMB.jpg","http://murkote.com/devon-rex/","2017-04-02 16:23:20",
"http://murkote.com/wp-content/uploads/2015/03/devon-rex-kittens.jpg.pagespeed.ce.XitxPWriRu.jpg","http://murkote.com/devon-rex/","2017-04-02 17:46:40",
"http://murkote.com/wp-content/uploads/2014/10/otzivi-o-korme-gina.jpg.pagespeed.ce.hAzuTYUonk.jpg","http://murkote.com/devon-rex/","2017-04-02 19:10:00",
"http://murkote.com/wp-content/uploads/2015/05/egyptian-mau-widescreen-150x150.jpg","http://murkote.com/egipetskaya-mau/","2017-04-02 20:33:20",
"http://murkote.com/wp-content/uploads/2015/05/egyptian-mau-widescreen.jpg.pagespeed.ce.r7z-vfWkqv.jpg","http://murkote.com/egipetskaya-mau/","2017-04-02 21:56:40",
"http://murkote.com/wp-content/uploads/2015/05/egyptian-mau-desktop-wallpaper.jpg.pagespeed.ce.gEVWqIO1wW.jpg","http://murkote.com/egipetskaya-mau/","2017-04-02 23:20:00",
"http://murkote.com/wp-content/uploads/2015/05/egyptian-mau-blue.jpg.pagespeed.ce.DelBvsDfmL.jpg","http://murkote.com/egipetskaya-mau/","2017-04-03 00:43:20",
"http://murkote.com/wp-content/uploads/2015/05/egyptian-mau-05.jpg.pagespeed.ce.8b2UOPhKX0.jpg","http://murkote.com/egipetskaya-mau/","2017-04-03 02:06:40",
"http://murkote.com/wp-content/uploads/2015/05/egyptian-mau-white.jpg.pagespeed.ce.Ize4Wo5WDM.jpg","http://murkote.com/egipetskaya-mau/","2017-04-03 03:30:00",
"http://murkote.com/wp-content/uploads/2015/05/egyptian-mau-with-two-of-her-kittens.jpg.pagespeed.ce.6PJc1CN0KJ.jpg","http://murkote.com/egipetskaya-mau/","2017-04-03 04:53:20",
"http://murkote.com/wp-content/uploads/2015/05/egiptian-kitten.jpg.pagespeed.ce.Bro0zEKBU_.jpg","http://murkote.com/egipetskaya-mau/","2017-04-03 06:16:40",
"http://murkote.com/wp-content/uploads/2015/05/himalayan-cat.jpg.pagespeed.ce.738cmcevxf.jpg","http://murkote.com/egipetskaya-mau/","2017-04-03 07:40:00",
"http://murkote.com/wp-content/uploads/2015/06/korat-5-150x150.jpg","http://murkote.com/korat/","2017-04-03 09:03:20",
"http://murkote.com/wp-content/uploads/2015/06/korat.jpg.pagespeed.ce.p77q-U2AwG.jpg","http://murkote.com/korat/","2017-04-03 10:26:40",
"http://murkote.com/wp-content/uploads/2015/06/korat-1.jpg","http://murkote.com/korat/","2017-04-03 11:50:00",
"http://murkote.com/wp-content/uploads/2015/06/korat-2.jpg","http://murkote.com/korat/","2017-04-03 13:13:20",
"http://murkote.com/wp-content/uploads/2015/06/korat-3.jpg.pagespeed.ce.I70MaSf-uS.jpg","http://murkote.com/korat/","2017-04-03 14:36:40",
"http://murkote.com/wp-content/uploads/2015/06/korat-4.jpg","http://murkote.com/korat/","2017-04-03 16:00:00",
"http://murkote.com/wp-content/uploads/2015/06/korat-5.jpg","http://murkote.com/korat/","2017-04-03 17:23:20",
"http://murkote.com/wp-content/uploads/2015/06/korat-8.jpg","http://murkote.com/korat/","2017-04-03 18:46:40",
"http://murkote.com/wp-content/uploads/2015/06/korat-6.jpg","http://murkote.com/korat/","2017-04-03 20:10:00",
"http://murkote.com/wp-content/uploads/2015/06/korat-7.jpg","http://murkote.com/korat/","2017-04-03 21:33:20",
"http://murkote.com/wp-content/uploads/2015/06/korat-9.jpg","http://murkote.com/korat/","2017-04-03 22:56:40",
"http://murkote.com/wp-content/uploads/2015/06/korat-10.jpg","http://murkote.com/korat/","2017-04-04 00:20:00",
"http://murkote.com/wp-content/uploads/2015/05/Kurilian-Bobtail-standing.jpg.pagespeed.ce.2wLVRvope3.jpg","http://murkote.com/korat/","2017-04-04 01:43:20",
"http://murkote.com/wp-content/uploads/2015/03/cornish-rex-150x150.jpg","http://murkote.com/cornish-rex/","2017-04-04 03:06:40",
"http://murkote.com/wp-content/uploads/2015/03/cornish-rex.jpg.pagespeed.ce.igmRQrB8fd.jpg","http://murkote.com/cornish-rex/","2017-04-04 04:30:00",
"http://murkote.com/wp-content/uploads/2015/03/cornish-rex-cat.jpg.pagespeed.ce.j0K4cLkDiG.jpg","http://murkote.com/cornish-rex/","2017-04-04 05:53:20",
"http://murkote.com/wp-content/uploads/2015/03/cornish-rex-cats-two.jpg.pagespeed.ce.JprgAK4bKj.jpg","http://murkote.com/cornish-rex/","2017-04-04 07:16:40",
"http://murkote.com/wp-content/uploads/2015/03/white-cornish-rex-cats.jpg.pagespeed.ce.HJoovoRHhu.jpg","http://murkote.com/cornish-rex/","2017-04-04 08:40:00",
"http://murkote.com/wp-content/uploads/2015/03/Cornish-white.jpg.pagespeed.ce.mfuf5RDNt_.jpg","http://murkote.com/cornish-rex/","2017-04-04 10:03:20",
"http://murkote.com/wp-content/uploads/2015/03/cornish-rex-cats.jpg.pagespeed.ce.tEJNqiVOE_.jpg","http://murkote.com/cornish-rex/","2017-04-04 11:26:40",
"http://murkote.com/wp-content/uploads/2015/03/cornish-rex-white.jpg.pagespeed.ce.3eM4ClT1Wr.jpg","http://murkote.com/cornish-rex/","2017-04-04 12:50:00",
"http://murkote.com/wp-content/uploads/2015/03/two-cornish-rex-cats.jpg.pagespeed.ce.GD6ASjDunP.jpg","http://murkote.com/cornish-rex/","2017-04-04 14:13:20",
"http://murkote.com/wp-content/uploads/2015/09/manx-cat-8-150x150.jpg","http://murkote.com/menks/","2017-04-04 15:36:40",
"http://murkote.com/wp-content/uploads/2015/09/manx-cat.jpg.pagespeed.ce.CilIfhfS_f.jpg","http://murkote.com/menks/","2017-04-04 17:00:00",
"http://murkote.com/wp-content/uploads/2015/09/manx-cat-1.jpg","http://murkote.com/menks/","2017-04-04 18:23:20",
"http://murkote.com/wp-content/uploads/2015/09/manx-cat-2.jpg","http://murkote.com/menks/","2017-04-04 19:46:40",
"http://murkote.com/wp-content/uploads/2015/09/manx-cat-4.jpg","http://murkote.com/menks/","2017-04-04 21:10:00",
"http://murkote.com/wp-content/uploads/2015/09/manx-cat-3.jpg.pagespeed.ce.DHrJNTcnmy.jpg","http://murkote.com/menks/","2017-04-04 22:33:20",
"http://murkote.com/wp-content/uploads/2015/09/manx-cat-5.jpg","http://murkote.com/menks/","2017-04-04 23:56:40",
"http://murkote.com/wp-content/uploads/2015/09/manx-cat-6.jpg","http://murkote.com/menks/","2017-04-05 01:20:00",
"http://murkote.com/wp-content/uploads/2015/09/manx-cat-7.jpg","http://murkote.com/menks/","2017-04-05 02:43:20",
"http://murkote.com/wp-content/uploads/2015/09/manx-cat-8.jpg","http://murkote.com/menks/","2017-04-05 04:06:40",
"http://murkote.com/wp-content/uploads/2015/09/manx-cat-9.jpg","http://murkote.com/menks/","2017-04-05 05:30:00",
"http://murkote.com/wp-content/uploads/2015/09/manx-cat-10.jpg","http://murkote.com/menks/","2017-04-05 06:53:20",
"http://murkote.com/wp-content/uploads/2015/06/Minskin-8-150x150.jpg","http://murkote.com/minskin/","2017-04-05 08:16:40",
"http://murkote.com/wp-content/uploads/2015/06/Minskin.jpg.pagespeed.ce.FOPonbtWDT.jpg","http://murkote.com/minskin/","2017-04-05 09:40:00",
"http://murkote.com/wp-content/uploads/2015/06/Minskin-1.jpg.pagespeed.ce.W1u8zdnRw0.jpg","http://murkote.com/minskin/","2017-04-05 11:03:20",
"http://murkote.com/wp-content/uploads/2015/06/Minskin-2.jpg.pagespeed.ce.wRppzMTovA.jpg","http://murkote.com/minskin/","2017-04-05 12:26:40",
"http://murkote.com/wp-content/uploads/2015/06/Minskin-3.jpg.pagespeed.ce.Lkr0fMMtlH.jpg","http://murkote.com/minskin/","2017-04-05 13:50:00",
"http://murkote.com/wp-content/uploads/2015/06/Minskin-4.jpg.pagespeed.ce.e-XLqdPpdT.jpg","http://murkote.com/minskin/","2017-04-05 15:13:20",
"http://murkote.com/wp-content/uploads/2015/06/Minskin-5.jpg.pagespeed.ce.8b5aT2WwCH.jpg","http://murkote.com/minskin/","2017-04-05 16:36:40",
"http://murkote.com/wp-content/uploads/2015/06/Minskin-6.jpg.pagespeed.ce.ptoU9RsITy.jpg","http://murkote.com/minskin/","2017-04-05 18:00:00",
"http://murkote.com/wp-content/uploads/2015/06/Minskin-7.jpg.pagespeed.ce.9L6Ec4wCNH.jpg","http://murkote.com/minskin/","2017-04-05 19:23:20",
"http://murkote.com/wp-content/uploads/2015/06/Minskin-8.jpg.pagespeed.ce.uR_vk8YK-1.jpg","http://murkote.com/minskin/","2017-04-05 20:46:40",
"http://murkote.com/wp-content/uploads/2015/06/Minskin-9.jpg.pagespeed.ce.T0wpeLtaRo.jpg","http://murkote.com/minskin/","2017-04-05 22:10:00",
"http://murkote.com/wp-content/uploads/2015/06/Minskin-10.jpg.pagespeed.ce.UXg1HOvm0B.jpg","http://murkote.com/minskin/","2017-04-05 23:33:20",
"http://murkote.com/wp-content/uploads/2015/06/arabian-mau-6.jpg.pagespeed.ce.9ca38eVkmr.jpg","http://murkote.com/minskin/","2017-04-06 00:56:40",
"http://murkote.com/wp-content/uploads/2015/06/nemeckiy-rex-1-150x150.jpg","http://murkote.com/nemetskiy-reks/","2017-04-06 02:20:00",
"http://murkote.com/wp-content/uploads/2015/06/nemeckiy-rex.jpg.pagespeed.ce.LpfzJVEE8u.jpg","http://murkote.com/nemetskiy-reks/","2017-04-06 03:43:20",
"http://murkote.com/wp-content/uploads/2015/06/nemeckiy-rex-1.jpg.pagespeed.ce.iMifB-yXAq.jpg","http://murkote.com/nemetskiy-reks/","2017-04-06 05:06:40",
"http://murkote.com/wp-content/uploads/2015/06/nemeckiy-rex-2.jpg","http://murkote.com/nemetskiy-reks/","2017-04-06 06:30:00",
"http://murkote.com/wp-content/uploads/2015/06/nemeckiy-rex-3.jpg","http://murkote.com/nemetskiy-reks/","2017-04-06 07:53:20",
"http://murkote.com/wp-content/uploads/2015/06/nemeckiy-rex-4.jpg","http://murkote.com/nemetskiy-reks/","2017-04-06 09:16:40",
"http://murkote.com/wp-content/uploads/2015/06/somali-cat-6.jpg.pagespeed.ce.-4v-cw-gKs.jpg","http://murkote.com/nemetskiy-reks/","2017-04-06 10:40:00",
"http://murkote.com/wp-content/uploads/2014/03/russian-blue-cat-150x150.jpg","http://murkote.com/russkaya-golubaya-koshka/","2017-04-06 12:03:20",
"http://murkote.com/wp-content/uploads/2014/03/russian-blue-cat.jpg.pagespeed.ce.Fzoe7vNsVm.jpg","http://murkote.com/russkaya-golubaya-koshka/","2017-04-06 13:26:40",
"http://murkote.com/wp-content/uploads/2014/03/russian-cat.jpg.pagespeed.ce.AN3jLQ_Mze.jpg","http://murkote.com/russkaya-golubaya-koshka/","2017-04-06 14:50:00",
"http://murkote.com/wp-content/uploads/2014/03/rus-blue.jpg","http://murkote.com/russkaya-golubaya-koshka/","2017-04-06 16:13:20",
"http://murkote.com/wp-content/uploads/2014/03/rus-grey.jpg.pagespeed.ce.qsUJo3yywZ.jpg","http://murkote.com/russkaya-golubaya-koshka/","2017-04-06 17:36:40",
"http://murkote.com/wp-content/uploads/2015/07/singapura-cat.jpg","http://murkote.com/russkaya-golubaya-koshka/","2017-04-06 19:00:00",
"http://murkote.com/wp-content/uploads/2015/08/serval-cat-71-150x150.jpg","http://murkote.com/serval/","2017-04-06 20:23:20",
"http://murkote.com/wp-content/uploads/2015/08/serval-cat1.jpg.pagespeed.ce.IGHUhWvYt0.jpg","http://murkote.com/serval/","2017-04-06 21:46:40",
"http://murkote.com/wp-content/uploads/2015/08/serval-cat-11.jpg.pagespeed.ce.T-UGxlJfq4.jpg","http://murkote.com/serval/","2017-04-06 23:10:00",
"http://murkote.com/wp-content/uploads/2015/08/serval-cat-21.jpg.pagespeed.ce.n6_o2XbSrq.jpg","http://murkote.com/serval/","2017-04-07 00:33:20",
"http://murkote.com/wp-content/uploads/2015/08/serval-cat-31.jpg.pagespeed.ce.P-GWr_iWgN.jpg","http://murkote.com/serval/","2017-04-07 01:56:40",
"http://murkote.com/wp-content/uploads/2015/08/serval-cat-41.jpg.pagespeed.ce.Km_pDNi8Ca.jpg","http://murkote.com/serval/","2017-04-07 03:20:00",
"http://murkote.com/wp-content/uploads/2015/08/serval-cat-51.jpg.pagespeed.ce.USIj-2mCZI.jpg","http://murkote.com/serval/","2017-04-07 04:43:20",
"http://murkote.com/wp-content/uploads/2015/08/serval-cat-61.jpg.pagespeed.ce.uCAfQ8M64f.jpg","http://murkote.com/serval/","2017-04-07 06:06:40",
"http://murkote.com/wp-content/uploads/2015/08/serval-cat-71.jpg.pagespeed.ce.hVRzZMAYQO.jpg","http://murkote.com/serval/","2017-04-07 07:30:00",
"http://murkote.com/wp-content/uploads/2015/08/serval-cat-91.jpg.pagespeed.ce.vwDYptMsIA.jpg","http://murkote.com/serval/","2017-04-07 08:53:20",
"http://murkote.com/wp-content/uploads/2015/08/serval-cat-81.jpg.pagespeed.ce.UHQSbJzfoc.jpg","http://murkote.com/serval/","2017-04-07 10:16:40",
"http://murkote.com/wp-content/uploads/2015/08/serval-cat-101.jpg.pagespeed.ce.NH3aamgUX1.jpg","http://murkote.com/serval/","2017-04-07 11:40:00",
"http://murkote.com/wp-content/uploads/2015/09/savannah-cat-8-150x150.jpg","http://murkote.com/savanna/","2017-04-07 13:03:20",
"http://murkote.com/wp-content/uploads/2015/09/savannah-cat.jpg.pagespeed.ce.TsjHdMYe8g.jpg","http://murkote.com/savanna/","2017-04-07 14:26:40",
"http://murkote.com/wp-content/uploads/2015/09/savannah-cat-1.jpg.pagespeed.ce.2FBCHW0LHx.jpg","http://murkote.com/savanna/","2017-04-07 15:50:00",
"http://murkote.com/wp-content/uploads/2015/09/savannah-cat-2.jpg.pagespeed.ce.w4Qg9a7S7k.jpg","http://murkote.com/savanna/","2017-04-07 17:13:20",
"http://murkote.com/wp-content/uploads/2015/09/savannah-cat-3.jpg.pagespeed.ce.QP2-ImLR15.jpg","http://murkote.com/savanna/","2017-04-07 18:36:40",
"http://murkote.com/wp-content/uploads/2015/09/savannah-cat-4.jpg.pagespeed.ce.GsR-fjkKYe.jpg","http://murkote.com/savanna/","2017-04-07 20:00:00",
"http://murkote.com/wp-content/uploads/2015/09/savannah-cat-5.jpg.pagespeed.ce.KV2iux1wFH.jpg","http://murkote.com/savanna/","2017-04-07 21:23:20",
"http://murkote.com/wp-content/uploads/2015/09/savannah-cat-6.jpg.pagespeed.ce.X5yVHlw2lr.jpg","http://murkote.com/savanna/","2017-04-07 22:46:40",
"http://murkote.com/wp-content/uploads/2015/09/savannah-cat-7.jpg.pagespeed.ce.kfdOTjjwfC.jpg","http://murkote.com/savanna/","2017-04-08 00:10:00",
"http://murkote.com/wp-content/uploads/2015/09/savannah-cat-8.jpg.pagespeed.ce.amFY6-HAhX.jpg","http://murkote.com/savanna/","2017-04-08 01:33:20",
"http://murkote.com/wp-content/uploads/2015/09/savannah-cat-9.jpg.pagespeed.ce.h9gTYIaRJm.jpg","http://murkote.com/savanna/","2017-04-08 02:56:40",
"http://murkote.com/wp-content/uploads/2015/09/savannah-cat-10.jpg.pagespeed.ce.Q42OYvZSYf.jpg","http://murkote.com/savanna/","2017-04-08 04:20:00",
"http://murkote.com/wp-content/uploads/2015/09/savannah-cat-11.jpg.pagespeed.ce.Vj4e8tVZYX.jpg","http://murkote.com/savanna/","2017-04-08 05:43:20",
"http://murkote.com/wp-content/uploads/2015/07/singapura-cat-3-150x150.jpg","http://murkote.com/singapurskaya-koshka/","2017-04-08 07:06:40",
"http://murkote.com/wp-content/uploads/2015/07/singapura-cat.jpg.pagespeed.ce.AYBlRxZx8F.jpg","http://murkote.com/singapurskaya-koshka/","2017-04-08 08:30:00",
"http://murkote.com/wp-content/uploads/2015/07/singapura-cat-1.jpg.pagespeed.ce.eRaXvXFa0_.jpg","http://murkote.com/singapurskaya-koshka/","2017-04-08 09:53:20",
"http://murkote.com/wp-content/uploads/2015/07/singapura-cat-2.jpg","http://murkote.com/singapurskaya-koshka/","2017-04-08 11:16:40",
"http://murkote.com/wp-content/uploads/2015/07/singapura-cat-3.jpg","http://murkote.com/singapurskaya-koshka/","2017-04-08 12:40:00",
"http://murkote.com/wp-content/uploads/2015/07/singapura-cat-4.jpg","http://murkote.com/singapurskaya-koshka/","2017-04-08 14:03:20",
"http://murkote.com/wp-content/uploads/2015/07/singapura-cat-5.jpg","http://murkote.com/singapurskaya-koshka/","2017-04-08 15:26:40",
"http://murkote.com/wp-content/uploads/2015/07/singapura-cat-6.jpg","http://murkote.com/singapurskaya-koshka/","2017-04-08 16:50:00",
"http://murkote.com/wp-content/uploads/2015/07/singapura-cat-7.jpg","http://murkote.com/singapurskaya-koshka/","2017-04-08 18:13:20",
"http://murkote.com/wp-content/uploads/2015/07/singapura-cat-8.jpg.pagespeed.ce.sajirCjv7P.jpg","http://murkote.com/singapurskaya-koshka/","2017-04-08 19:36:40",
"http://murkote.com/wp-content/uploads/2015/07/singapura-cat-9.jpg.pagespeed.ce.eONOB_MqAN.jpg","http://murkote.com/singapurskaya-koshka/","2017-04-08 21:00:00",
"http://murkote.com/wp-content/uploads/2015/07/singapura-cat-10.jpg","http://murkote.com/singapurskaya-koshka/","2017-04-08 22:23:20",
"http://murkote.com/wp-content/uploads/2015/07/foreign-white-3.jpg","http://murkote.com/singapurskaya-koshka/","2017-04-08 23:46:40",
"http://murkote.com/wp-content/uploads/2014/05/scottish-straight-1-150x150.jpg","http://murkote.com/scottish-straight/","2017-04-09 01:10:00",
"http://murkote.com/wp-content/uploads/2014/05/scottish-straight-1.jpg.pagespeed.ce.c3EPEdU2ub.jpg","http://murkote.com/scottish-straight/","2017-04-09 02:33:20",
"http://murkote.com/wp-content/uploads/2014/05/scottish-straight.jpg.pagespeed.ce.LY13v-9xId.jpg","http://murkote.com/scottish-straight/","2017-04-09 03:56:40",
"http://murkote.com/wp-content/uploads/2014/05/scottish-straight-2.jpg.pagespeed.ce.pQ-5MlFxRs.jpg","http://murkote.com/scottish-straight/","2017-04-09 05:20:00",
"http://murkote.com/wp-content/uploads/2014/05/scottish-straight-3.jpg.pagespeed.ce.RPL0bLerOU.jpg","http://murkote.com/scottish-straight/","2017-04-09 06:43:20",
"http://murkote.com/wp-content/uploads/2014/05/scottish-straight-4.jpg","http://murkote.com/scottish-straight/","2017-04-09 08:06:40",
"http://murkote.com/wp-content/uploads/2014/05/scottish-straight-5.jpg.pagespeed.ce.mkvqDMIv8s.jpg","http://murkote.com/scottish-straight/","2017-04-09 09:30:00",
"http://murkote.com/wp-content/uploads/2014/02/mramorniy-tabbi-britanskaya-koshka.jpg","http://murkote.com/scottish-straight/","2017-04-09 10:53:20",
"http://murkote.com/wp-content/uploads/2014/05/scottish-straight-6.jpg","http://murkote.com/scottish-straight/","2017-04-09 12:16:40",
"http://murkote.com/wp-content/uploads/2014/05/scottish-straight-7.jpg.pagespeed.ce.y0GXku-P71.jpg","http://murkote.com/scottish-straight/","2017-04-09 13:40:00",
"http://murkote.com/wp-content/uploads/2014/05/scottish-straight-8.jpg.pagespeed.ce.Nu0KR103Df.jpg","http://murkote.com/scottish-straight/","2017-04-09 15:03:20",
"http://murkote.com/wp-content/uploads/2015/08/shotlandskaya-vislouhaya-10-150x150.jpg","http://murkote.com/skottish-fold/","2017-04-09 16:26:40",
"http://murkote.com/wp-content/uploads/2015/08/shotlandskaya-vislouhaya.jpg.pagespeed.ce.-2BB58IkUx.jpg","http://murkote.com/skottish-fold/","2017-04-09 17:50:00",
"http://murkote.com/wp-content/uploads/2015/08/shotlandskaya-vislouhaya-3.jpg.pagespeed.ce.uYrzHrqwzw.jpg","http://murkote.com/skottish-fold/","2017-04-09 19:13:20",
"http://murkote.com/wp-content/uploads/2015/08/shotlandskaya-vislouhaya-7.jpg.pagespeed.ce.WX4XbvvJAB.jpg","http://murkote.com/skottish-fold/","2017-04-09 20:36:40",
"http://murkote.com/wp-content/uploads/2015/08/shotlandskaya-vislouhaya-16.jpg.pagespeed.ce.CpW79PREJu.jpg","http://murkote.com/skottish-fold/","2017-04-09 22:00:00",
"http://murkote.com/wp-content/uploads/2015/08/shotlandskaya-vislouhaya-17.jpg.pagespeed.ce.ZdV1P6cjG5.jpg","http://murkote.com/skottish-fold/","2017-04-09 23:23:20",
"http://murkote.com/wp-content/uploads/2015/08/shotlandskaya-vislouhaya-19.jpg.pagespeed.ce.Vld3NXc9OI.jpg","http://murkote.com/skottish-fold/","2017-04-10 00:46:40",
"http://murkote.com/wp-content/uploads/2015/08/shotlandskaya-vislouhaya-27.jpg.pagespeed.ce.6DHqVEoiTV.jpg","http://murkote.com/skottish-fold/","2017-04-10 02:10:00",
"http://murkote.com/wp-content/uploads/2015/08/shotlandskaya-vislouhaya-29.jpg.pagespeed.ce.rX6Yt6x1o4.jpg","http://murkote.com/skottish-fold/","2017-04-10 03:33:20",
"http://murkote.com/wp-content/uploads/2015/08/shotlandskaya-vislouhaya-22.jpg.pagespeed.ce.YkOGt7b09C.jpg","http://murkote.com/skottish-fold/","2017-04-10 04:56:40",
"http://murkote.com/wp-content/uploads/2015/08/shotlandskaya-vislouhaya-23.jpg.pagespeed.ce.WYU04E-Bm2.jpg","http://murkote.com/skottish-fold/","2017-04-10 06:20:00",
"http://murkote.com/wp-content/uploads/2015/08/shotlandskaya-vislouhaya-24.jpg.pagespeed.ce.93FJz97UPV.jpg","http://murkote.com/skottish-fold/","2017-04-10 07:43:20",
"http://murkote.com/wp-content/uploads/2014/04/skotish-fold-3.jpg.pagespeed.ce.vZ6RLPmEyD.jpg","http://murkote.com/skottish-fold/","2017-04-10 09:06:40",
"http://murkote.com/wp-content/uploads/2014/04/skotish-fold-5.jpg.pagespeed.ce.zGzyWRP491.jpg","http://murkote.com/skottish-fold/","2017-04-10 10:30:00",
"http://murkote.com/wp-content/uploads/2015/08/shotlandskaya-vislouhaya-18.jpg.pagespeed.ce.wnWSPl_3U_.jpg","http://murkote.com/skottish-fold/","2017-04-10 11:53:20",
"http://murkote.com/wp-content/uploads/2015/08/shotlandskaya-vislouhaya-5.jpg.pagespeed.ce.f1w8-W6TrL.jpg","http://murkote.com/skottish-fold/","2017-04-10 13:16:40",
"http://murkote.com/wp-content/uploads/2014/04/skotish-fold-7.jpg.pagespeed.ce.69Ni0OINaw.jpg","http://murkote.com/skottish-fold/","2017-04-10 14:40:00",
"http://murkote.com/wp-content/uploads/2014/04/skotish-fold-8.jpg.pagespeed.ce.sF4fWnt4ev.jpg","http://murkote.com/skottish-fold/","2017-04-10 16:03:20",
"http://murkote.com/wp-content/uploads/2014/04/skotish-fold-2.jpg.pagespeed.ce.Gf9GtOz_u2.jpg","http://murkote.com/skottish-fold/","2017-04-10 17:26:40",
"http://murkote.com/wp-content/uploads/2015/08/shotlandskaya-vislouhaya-13.jpg.pagespeed.ce.v5NT0OiMKl.jpg","http://murkote.com/skottish-fold/","2017-04-10 18:50:00",
"http://murkote.com/wp-content/uploads/2015/08/shotlandskaya-vislouhaya-4.jpg.pagespeed.ce.dvn9_GXRHf.jpg","http://murkote.com/skottish-fold/","2017-04-10 20:13:20",
"http://murkote.com/wp-content/uploads/2015/08/shotlandskaya-vislouhaya-10.jpg.pagespeed.ce.5NSnlXE5Qe.jpg","http://murkote.com/skottish-fold/","2017-04-10 21:36:40",
"http://murkote.com/wp-content/uploads/2015/08/shotlandskaya-vislouhaya-12.jpg.pagespeed.ce._Uqg2VbLNN.jpg","http://murkote.com/skottish-fold/","2017-04-10 23:00:00",
"http://murkote.com/wp-content/uploads/2016/04/scottish-kitten.jpg.pagespeed.ce.-6hzFugL23.jpg","http://murkote.com/skottish-fold/","2017-04-11 00:23:20",
"http://murkote.com/wp-content/uploads/2015/08/Sokoke-6-150x150.jpg","http://murkote.com/sokoke/","2017-04-11 01:46:40",
"http://murkote.com/wp-content/uploads/2015/08/Sokoke.jpg.pagespeed.ce.x8Hscfr-7E.jpg","http://murkote.com/sokoke/","2017-04-11 03:10:00",
"http://murkote.com/wp-content/uploads/2015/08/Sokoke-1.jpg","http://murkote.com/sokoke/","2017-04-11 04:33:20",
"http://murkote.com/wp-content/uploads/2015/08/Sokoke-2.jpg","http://murkote.com/sokoke/","2017-04-11 05:56:40",
"http://murkote.com/wp-content/uploads/2015/08/Sokoke-3.jpg.pagespeed.ce.r-nMwDf6IE.jpg","http://murkote.com/sokoke/","2017-04-11 07:20:00",
"http://murkote.com/wp-content/uploads/2015/08/Sokoke-4.jpg","http://murkote.com/sokoke/","2017-04-11 08:43:20",
"http://murkote.com/wp-content/uploads/2015/08/Sokoke-6.jpg","http://murkote.com/sokoke/","2017-04-11 10:06:40",
"http://murkote.com/wp-content/uploads/2015/08/Sokoke-5.jpg","http://murkote.com/sokoke/","2017-04-11 11:30:00",
"http://murkote.com/wp-content/uploads/2015/08/Sokoke-7.jpg","http://murkote.com/sokoke/","2017-04-11 12:53:20",
"http://murkote.com/wp-content/uploads/2015/08/Sokoke-8.jpg.pagespeed.ce.0ZoTu_oSfD.jpg","http://murkote.com/sokoke/","2017-04-11 14:16:40",
"http://murkote.com/wp-content/uploads/2015/08/Sokoke-9.jpg","http://murkote.com/sokoke/","2017-04-11 15:40:00",
"http://murkote.com/wp-content/uploads/2014/04/koshka-maine-coon.jpg.pagespeed.ce.s_GnKFOgcu.jpg","http://murkote.com/sokoke/","2017-04-11 17:03:20",
"http://murkote.com/wp-content/uploads/2015/04/toyger-face-150x150.jpg","http://murkote.com/toyger/","2017-04-11 18:26:40",
"http://murkote.com/wp-content/uploads/2015/04/toyger-face.jpg.pagespeed.ce.Sms_3oy8ym.jpg","http://murkote.com/toyger/","2017-04-11 19:50:00",
"http://murkote.com/wp-content/uploads/2015/04/toyger.jpg.pagespeed.ce.FuuBEIrFKl.jpg","http://murkote.com/toyger/","2017-04-11 21:13:20",
"http://murkote.com/wp-content/uploads/2015/04/toyger-seat.jpg.pagespeed.ce.ioi2IqljUA.jpg","http://murkote.com/toyger/","2017-04-11 22:36:40",
"http://murkote.com/wp-content/uploads/2015/04/toyger-portrait.jpg.pagespeed.ce.zaijWmsDYu.jpg","http://murkote.com/toyger/","2017-04-12 00:00:00",
"http://murkote.com/wp-content/uploads/2015/04/toyger-green.jpg.pagespeed.ce.BxjN_hZh0_.jpg","http://murkote.com/toyger/","2017-04-12 01:23:20",
"http://murkote.com/wp-content/uploads/2015/04/toyger-cat.jpg.pagespeed.ce.hKqvDC8bBX.jpg","http://murkote.com/toyger/","2017-04-12 02:46:40",
"http://murkote.com/wp-content/uploads/2015/04/toyger-red.jpg.pagespeed.ce.l8bCscTY3l.jpg","http://murkote.com/toyger/","2017-04-12 04:10:00",
"http://murkote.com/wp-content/uploads/2015/04/Toygerjpg.jpg.pagespeed.ce.ozYMj-2CmE.jpg","http://murkote.com/toyger/","2017-04-12 05:33:20",
"http://murkote.com/wp-content/uploads/2015/04/toyger-kitty.jpg.pagespeed.ce.G-zugxBgEI.jpg","http://murkote.com/toyger/","2017-04-12 06:56:40",
"http://murkote.com/wp-content/uploads/2015/05/Ceylon-cat-150x150.jpg","http://murkote.com/tseylonskaya-koshka/","2017-04-12 08:20:00",
"http://murkote.com/wp-content/uploads/2015/05/Ceylon_cat.jpg.pagespeed.ce.-Gm-9aBbed.jpg","http://murkote.com/tseylonskaya-koshka/","2017-04-12 09:43:20",
"http://murkote.com/wp-content/uploads/2015/05/ceylon-grey-cat.jpg.pagespeed.ce.cUBxpeqFHT.jpg","http://murkote.com/tseylonskaya-koshka/","2017-04-12 11:06:40",
"http://murkote.com/wp-content/uploads/2015/05/Ceylon-cat.jpg","http://murkote.com/tseylonskaya-koshka/","2017-04-12 12:30:00",
"http://murkote.com/wp-content/uploads/2015/06/chausie-5-150x150.jpg","http://murkote.com/chauzi/","2017-04-12 13:53:20",
"http://murkote.com/wp-content/uploads/2015/06/chausie.jpg.pagespeed.ce.OSYRba_pdo.jpg","http://murkote.com/chauzi/","2017-04-12 15:16:40",
"http://murkote.com/wp-content/uploads/2015/06/chausie-1.jpg","http://murkote.com/chauzi/","2017-04-12 16:40:00",
"http://murkote.com/wp-content/uploads/2015/06/chausie-2.jpg","http://murkote.com/chauzi/","2017-04-12 18:03:20",
"http://murkote.com/wp-content/uploads/2015/06/chausie-3.jpg","http://murkote.com/chauzi/","2017-04-12 19:26:40",
"http://murkote.com/wp-content/uploads/2015/06/chausie-4.jpg","http://murkote.com/chauzi/","2017-04-12 20:50:00",
"http://murkote.com/wp-content/uploads/2015/06/chausie-5.jpg","http://murkote.com/chauzi/","2017-04-12 22:13:20",
"http://murkote.com/wp-content/uploads/2015/06/chausie-6.jpg.pagespeed.ce.kWfYoBiS_1.jpg","http://murkote.com/chauzi/","2017-04-12 23:36:40",
"http://murkote.com/wp-content/uploads/2015/06/chausie-7.jpg","http://murkote.com/chauzi/","2017-04-13 01:00:00",
"http://murkote.com/wp-content/uploads/2015/06/chausie-8.jpg","http://murkote.com/chauzi/","2017-04-13 02:23:20",
"http://murkote.com/wp-content/uploads/2015/06/chausie-9.jpg","http://murkote.com/chauzi/","2017-04-13 03:46:40",
"http://murkote.com/wp-content/uploads/2015/07/chartreux-6-150x150.jpg","http://murkote.com/shartrez/","2017-04-13 05:10:00",
"http://murkote.com/wp-content/uploads/2015/06/chartreux.jpg.pagespeed.ce.Tyq_w1pm2g.jpg","http://murkote.com/shartrez/","2017-04-13 06:33:20",
"http://murkote.com/wp-content/uploads/2015/06/chartreux-1.jpg","http://murkote.com/shartrez/","2017-04-13 07:56:40",
"http://murkote.com/wp-content/uploads/2015/06/chartreux-2.jpg","http://murkote.com/shartrez/","2017-04-13 09:20:00",
"http://murkote.com/wp-content/uploads/2015/06/chartreux-3.jpg.pagespeed.ce.3RiI8lH-S4.jpg","http://murkote.com/shartrez/","2017-04-13 10:43:20",
"http://murkote.com/wp-content/uploads/2015/07/chartreux-4.jpg","http://murkote.com/shartrez/","2017-04-13 12:06:40",
"http://murkote.com/wp-content/uploads/2015/07/chartreux-5.jpg","http://murkote.com/shartrez/","2017-04-13 13:30:00",
"http://murkote.com/wp-content/uploads/2015/07/chartreux-6.jpg.pagespeed.ce.qV34Iqmqr8.jpg","http://murkote.com/shartrez/","2017-04-13 14:53:20",
"http://murkote.com/wp-content/uploads/2015/07/chartreux-7.jpg","http://murkote.com/shartrez/","2017-04-13 16:16:40",
"http://murkote.com/wp-content/uploads/2015/07/chartreux-8.jpg","http://murkote.com/shartrez/","2017-04-13 17:40:00",
"http://murkote.com/wp-content/uploads/2015/07/chartreux-9.jpg","http://murkote.com/shartrez/","2017-04-13 19:03:20",
"http://murkote.com/wp-content/uploads/2015/08/british-cat-2.jpg.pagespeed.ce.mnuzF-4NQK.jpg","http://murkote.com/shartrez/","2017-04-13 20:26:40",
"http://murkote.com/wp-content/uploads/2014/04/ekz-2-150x150.jpg","http://murkote.com/ekzoticheskaya-korotkosherstnaya-koshka/","2017-04-13 21:50:00",
"http://murkote.com/wp-content/uploads/2014/04/ekz-1.jpg.pagespeed.ce.dcviUD2YEC.jpg","http://murkote.com/ekzoticheskaya-korotkosherstnaya-koshka/","2017-04-13 23:13:20",
"http://murkote.com/wp-content/uploads/2014/04/ekz-2.jpg.pagespeed.ce.2mbiJGAFsv.jpg","http://murkote.com/ekzoticheskaya-korotkosherstnaya-koshka/","2017-04-14 00:36:40",
"http://murkote.com/wp-content/uploads/2014/04/ekz-3.jpg","http://murkote.com/ekzoticheskaya-korotkosherstnaya-koshka/","2017-04-14 02:00:00",
"http://murkote.com/wp-content/uploads/2014/04/ekz-4.jpg.pagespeed.ce.AZ6LJWNqdU.jpg","http://murkote.com/ekzoticheskaya-korotkosherstnaya-koshka/","2017-04-14 03:23:20",
"http://murkote.com/wp-content/uploads/2014/04/ekz-5.jpg","http://murkote.com/ekzoticheskaya-korotkosherstnaya-koshka/","2017-04-14 04:46:40",
"http://murkote.com/wp-content/uploads/2014/04/ekz-6.jpg","http://murkote.com/ekzoticheskaya-korotkosherstnaya-koshka/","2017-04-14 06:10:00",
"http://murkote.com/wp-content/uploads/2014/04/ekz-7.jpg","http://murkote.com/ekzoticheskaya-korotkosherstnaya-koshka/","2017-04-14 07:33:20",
"http://murkote.com/wp-content/uploads/2014/04/ekz-8.jpg","http://murkote.com/ekzoticheskaya-korotkosherstnaya-koshka/","2017-04-14 08:56:40",
"http://murkote.com/wp-content/uploads/2014/04/ekz-9.jpg","http://murkote.com/ekzoticheskaya-korotkosherstnaya-koshka/","2017-04-14 10:20:00",
"http://murkote.com/wp-content/uploads/2015/04/japanese-bobtail-150x150.jpg","http://murkote.com/japan-bobtail/","2017-04-14 11:43:20",
"http://murkote.com/wp-content/uploads/2015/04/japanese-bobtail.jpg.pagespeed.ce.HLdQUh5EFG.jpg","http://murkote.com/japan-bobtail/","2017-04-14 13:06:40",
"http://murkote.com/wp-content/uploads/2015/04/funny-japanese-bobtail_3.jpg.pagespeed.ce.isTg6sZCzv.jpg","http://murkote.com/japan-bobtail/","2017-04-14 14:30:00",
"http://murkote.com/wp-content/uploads/2015/04/Japanese-Bobtail-2.jpg","http://murkote.com/japan-bobtail/","2017-04-14 15:53:20",
"http://murkote.com/wp-content/uploads/2015/04/japanese-bobtail-kittens.jpg","http://murkote.com/japan-bobtail/","2017-04-14 17:16:40",
"http://murkote.com/wp-content/uploads/2015/04/red-japanese-bobtail.jpg","http://murkote.com/japan-bobtail/","2017-04-14 18:40:00",
"http://murkote.com/wp-content/uploads/2015/04/funny-japanese-bobtail.jpg","http://murkote.com/japan-bobtail/","2017-04-14 20:03:20",
"http://murkote.com/wp-content/uploads/2015/04/black-japanese-bobtail.jpg","http://murkote.com/japan-bobtail/","2017-04-14 21:26:40",
"http://murkote.com/wp-content/uploads/2015/04/japanese-bobtail-kitty.jpg","http://murkote.com/japan-bobtail/","2017-04-14 22:50:00",
"http://murkote.com/wp-content/uploads/2015/04/burmilla-cat5.jpg.pagespeed.ce.t2VC-4s0RA.jpg","http://murkote.com/japan-bobtail/","2017-04-15 00:13:20",
"http://murkote.com/wp-content/uploads/2015/06/balinese-cat-6-150x150.jpg","http://murkote.com/balineziyskaya-koshka/","2017-04-15 01:36:40",
"http://murkote.com/wp-content/uploads/2015/06/balinese-cat.jpg.pagespeed.ce.6ogY435FPg.jpg","http://murkote.com/balineziyskaya-koshka/","2017-04-15 03:00:00",
"http://murkote.com/wp-content/uploads/2015/06/balinese-cat-1.jpg.pagespeed.ce.YleVfmciL8.jpg","http://murkote.com/balineziyskaya-koshka/","2017-04-15 04:23:20",
"http://murkote.com/wp-content/uploads/2015/06/balinese-cat-2.jpg.pagespeed.ce.yy3c9RrKk7.jpg","http://murkote.com/balineziyskaya-koshka/","2017-04-15 05:46:40",
"http://murkote.com/wp-content/uploads/2015/06/balinese-cat-3.jpg","http://murkote.com/balineziyskaya-koshka/","2017-04-15 07:10:00",
"http://murkote.com/wp-content/uploads/2015/06/balinese-cat-4.jpg","http://murkote.com/balineziyskaya-koshka/","2017-04-15 08:33:20",
"http://murkote.com/wp-content/uploads/2015/06/balinese-cat-5.jpg","http://murkote.com/balineziyskaya-koshka/","2017-04-15 09:56:40",
"http://murkote.com/wp-content/uploads/2015/06/balinese-cat-6.jpg","http://murkote.com/balineziyskaya-koshka/","2017-04-15 11:20:00",
"http://murkote.com/wp-content/uploads/2015/06/balinese-cat-7.jpg.pagespeed.ce.DOEIWj0hcu.jpg","http://murkote.com/balineziyskaya-koshka/","2017-04-15 12:43:20",
"http://murkote.com/wp-content/uploads/2015/06/balinese-cat-8.jpg","http://murkote.com/balineziyskaya-koshka/","2017-04-15 14:06:40",
"http://murkote.com/wp-content/uploads/2015/06/balinese-cat-9.jpg","http://murkote.com/balineziyskaya-koshka/","2017-04-15 15:30:00",
"http://murkote.com/wp-content/uploads/2015/06/balinese-cat-10.jpg","http://murkote.com/balineziyskaya-koshka/","2017-04-15 16:53:20",
"http://murkote.com/wp-content/uploads/2015/06/Seychellois-cat-1.jpg","http://murkote.com/balineziyskaya-koshka/","2017-04-15 18:16:40",
"http://murkote.com/wp-content/uploads/2015/06/cymric-3-150x150.jpg","http://murkote.com/kimrik/","2017-04-15 19:40:00",
"http://murkote.com/wp-content/uploads/2015/06/cymric.jpg.pagespeed.ce.TuxO6aGVY8.jpg","http://murkote.com/kimrik/","2017-04-15 21:03:20",
"http://murkote.com/wp-content/uploads/2015/06/cymric-1.jpg","http://murkote.com/kimrik/","2017-04-15 22:26:40",
"http://murkote.com/wp-content/uploads/2015/06/cymric-2.jpg.pagespeed.ce.JQNo4FI_Tt.jpg","http://murkote.com/kimrik/","2017-04-15 23:50:00",
"http://murkote.com/wp-content/uploads/2015/06/cymric-3.jpg","http://murkote.com/kimrik/","2017-04-16 01:13:20",
"http://murkote.com/wp-content/uploads/2015/06/cymric-4.jpg","http://murkote.com/kimrik/","2017-04-16 02:36:40",
"http://murkote.com/wp-content/uploads/2015/06/cymric-5.jpg","http://murkote.com/kimrik/","2017-04-16 04:00:00",
"http://murkote.com/wp-content/uploads/2015/06/kanaani.jpg","http://murkote.com/kimrik/","2017-04-16 05:23:20",
"http://murkote.com/wp-content/uploads/2015/05/Kurilian-Bobtail-standing-150x150.jpg","http://murkote.com/kurilskiy-bobtail/","2017-04-16 06:46:40",
"http://murkote.com/wp-content/uploads/2015/05/Kurilian-Bobtail-standing.jpg.pagespeed.ce.2wLVRvope3.jpg","http://murkote.com/kurilskiy-bobtail/","2017-04-16 08:10:00",
"http://murkote.com/wp-content/uploads/2015/05/Kurilian-Bobtail-male.jpg.pagespeed.ce.gf5Ts3AtMo.jpg","http://murkote.com/kurilskiy-bobtail/","2017-04-16 09:33:20",
"http://murkote.com/wp-content/uploads/2015/05/Kurilian-Bobtail-black.jpg.pagespeed.ce.-ZP0tJ5Pzp.jpg","http://murkote.com/kurilskiy-bobtail/","2017-04-16 10:56:40",
"http://murkote.com/wp-content/uploads/2015/05/Kurilian_bobtail.jpg.pagespeed.ce.KVs6gmiC3e.jpg","http://murkote.com/kurilskiy-bobtail/","2017-04-16 12:20:00",
"http://murkote.com/wp-content/uploads/2015/05/Kurilian-Bobtail-white.jpg.pagespeed.ce.lfuiaa4jSa.jpg","http://murkote.com/kurilskiy-bobtail/","2017-04-16 13:43:20",
"http://murkote.com/wp-content/uploads/2015/05/Kurilian-Bobtail-green.jpg.pagespeed.ce.CN-IEsb7j_.jpg","http://murkote.com/kurilskiy-bobtail/","2017-04-16 15:06:40",
"http://murkote.com/wp-content/uploads/2015/05/two-kurilian-Bobtails.jpg.pagespeed.ce.DDkYdwgRBK.jpg","http://murkote.com/kurilskiy-bobtail/","2017-04-16 16:30:00",
"http://murkote.com/wp-content/uploads/2015/05/Kurilian-Bobtail-blue.jpg.pagespeed.ce.WkRg8-J4vS.jpg","http://murkote.com/kurilskiy-bobtail/","2017-04-16 17:53:20",
"http://murkote.com/wp-content/uploads/2015/06/laperm-3-150x150.jpg","http://murkote.com/laperm/","2017-04-16 19:16:40",
"http://murkote.com/wp-content/uploads/2015/06/laperm.jpg.pagespeed.ce.MIIMuxsN83.jpg","http://murkote.com/laperm/","2017-04-16 20:40:00",
"http://murkote.com/wp-content/uploads/2015/06/laperm-1.jpg","http://murkote.com/laperm/","2017-04-16 22:03:20",
"http://murkote.com/wp-content/uploads/2015/06/laperm-2.jpg","http://murkote.com/laperm/","2017-04-16 23:26:40",
"http://murkote.com/wp-content/uploads/2015/06/laperm-3.jpg","http://murkote.com/laperm/","2017-04-17 00:50:00",
"http://murkote.com/wp-content/uploads/2015/06/laperm-4.jpg.pagespeed.ce.MgkbW7uCeQ.jpg","http://murkote.com/laperm/","2017-04-17 02:13:20",
"http://murkote.com/wp-content/uploads/2015/06/laperm-6.jpg","http://murkote.com/laperm/","2017-04-17 03:36:40",
"http://murkote.com/wp-content/uploads/2015/06/laperm-5.jpg","http://murkote.com/laperm/","2017-04-17 05:00:00",
"http://murkote.com/wp-content/uploads/2015/06/laperm-7.jpg.pagespeed.ce._AcygKA3o9.jpg","http://murkote.com/laperm/","2017-04-17 06:23:20",
"http://murkote.com/wp-content/uploads/2015/06/laperm-8.jpg","http://murkote.com/laperm/","2017-04-17 07:46:40",
"http://murkote.com/wp-content/uploads/2015/06/laperm-9.jpg","http://murkote.com/laperm/","2017-04-17 09:10:00",
"http://murkote.com/wp-content/uploads/2015/06/laperm-10.jpg","http://murkote.com/laperm/","2017-04-17 10:33:20",
"http://murkote.com/wp-content/uploads/2015/03/munchkin-150x150.jpg","http://murkote.com/munchkin/","2017-04-17 11:56:40",
"http://murkote.com/wp-content/uploads/2015/03/munchkin.jpg.pagespeed.ce.gIlJBZP4NC.jpg","http://murkote.com/munchkin/","2017-04-17 13:20:00",
"http://murkote.com/wp-content/uploads/2015/03/Munch.jpg.pagespeed.ce.KbmSTBc76X.jpg","http://murkote.com/munchkin/","2017-04-17 14:43:20",
"http://murkote.com/wp-content/uploads/2015/03/munchkin-kitty.jpg.pagespeed.ce.jyaZf7EM_m.jpg","http://murkote.com/munchkin/","2017-04-17 16:06:40",
"http://murkote.com/wp-content/uploads/2015/03/cat-munchkin.jpg.pagespeed.ce.YQV1BFpYNA.jpg","http://murkote.com/munchkin/","2017-04-17 17:30:00",
"http://murkote.com/wp-content/uploads/2015/03/munchkin-gold.jpg.pagespeed.ce.WlWrM0ZVgA.jpg","http://murkote.com/munchkin/","2017-04-17 18:53:20",
"http://murkote.com/wp-content/uploads/2015/03/munchkin-kittys.jpg.pagespeed.ce.gBUbrVu1wD.jpg","http://murkote.com/munchkin/","2017-04-17 20:16:40",
"http://murkote.com/wp-content/uploads/2015/03/Munchkin_cats.jpg","http://murkote.com/munchkin/","2017-04-17 21:40:00",
"http://murkote.com/wp-content/uploads/2015/03/Munchkin-Cutest-Kitten-Ever-.jpg.pagespeed.ce.Xq1ax8zsnf.jpg","http://murkote.com/munchkin/","2017-04-17 23:03:20",
"http://murkote.com/wp-content/uploads/2014/04/koshka-maine-coon-150x150.jpg","http://murkote.com/maine-coon/","2017-04-18 00:26:40",
"http://murkote.com/wp-content/uploads/2014/02/maine-coon.jpg.pagespeed.ce.ZZgc5VoqI8.jpg","http://murkote.com/maine-coon/","2017-04-18 01:50:00",
"http://murkote.com/wp-content/uploads/2014/04/koshka-maine-coon.jpg.pagespeed.ce.s_GnKFOgcu.jpg","http://murkote.com/maine-coon/","2017-04-18 03:13:20",
"http://murkote.com/wp-content/uploads/2013/12/chem-kormit-kotenka-maine-coon.jpg.pagespeed.ce.Jcnvoe6Lw6.jpg","http://murkote.com/maine-coon/","2017-04-18 04:36:40",
"http://murkote.com/wp-content/uploads/2014/04/maine-coon-white.jpg.pagespeed.ce.sm6oFBfiNE.jpg","http://murkote.com/maine-coon/","2017-04-18 06:00:00",
"http://murkote.com/wp-content/uploads/2014/04/maine-coon-ginger.jpg.pagespeed.ce.FMyFjgDoKe.jpg","http://murkote.com/maine-coon/","2017-04-18 07:23:20",
"http://murkote.com/wp-content/uploads/2014/04/maine-coon-black.jpg.pagespeed.ce.DnIEoAcFK5.jpg","http://murkote.com/maine-coon/","2017-04-18 08:46:40",
"http://murkote.com/wp-content/uploads/2014/04/maine-coon-marmor.jpg.pagespeed.ce.1KIPMeaobH.jpg","http://murkote.com/maine-coon/","2017-04-18 10:10:00",
"http://murkote.com/wp-content/uploads/2014/04/maine-coon-turtle.jpg.pagespeed.ce.jwptR_v2u4.jpg","http://murkote.com/maine-coon/","2017-04-18 11:33:20",
"http://murkote.com/wp-content/uploads/2014/04/maine-coon-blue-foto.jpg.pagespeed.ce.rZAjTQD9AL.jpg","http://murkote.com/maine-coon/","2017-04-18 12:56:40",
"http://murkote.com/wp-content/uploads/2015/11/nevskaya-maskaradnaya-150x150.jpg","http://murkote.com/nevskaya-maskaradnaya/","2017-04-18 14:20:00",
"http://murkote.com/wp-content/uploads/2015/11/nevskaya-maskaradnaya.jpg.pagespeed.ce.Gmo1XTtdak.jpg","http://murkote.com/nevskaya-maskaradnaya/","2017-04-18 15:43:20",
"http://murkote.com/wp-content/uploads/2015/11/nevskaya-maskaradnaya-1.jpg.pagespeed.ce.SXjyxxJYsC.jpg","http://murkote.com/nevskaya-maskaradnaya/","2017-04-18 17:06:40",
"http://murkote.com/wp-content/uploads/2015/11/nevskaya-maskaradnaya-2.jpg.pagespeed.ce.2U4MNDvo5s.jpg","http://murkote.com/nevskaya-maskaradnaya/","2017-04-18 18:30:00",
"http://murkote.com/wp-content/uploads/2015/11/nevskaya-maskaradnaya-3.jpg.pagespeed.ce.l-MAZkLaKB.jpg","http://murkote.com/nevskaya-maskaradnaya/","2017-04-18 19:53:20",
"http://murkote.com/wp-content/uploads/2015/11/nevskaya-maskaradnaya-4.jpg.pagespeed.ce.SsFcTPtQGh.jpg","http://murkote.com/nevskaya-maskaradnaya/","2017-04-18 21:16:40",
"http://murkote.com/wp-content/uploads/2015/11/nevskaya-maskaradnaya-5.jpg.pagespeed.ce.5uTh2BpbNI.jpg","http://murkote.com/nevskaya-maskaradnaya/","2017-04-18 22:40:00",
"http://murkote.com/wp-content/uploads/2015/11/nevskaya-maskaradnaya-6.jpg.pagespeed.ce.vpOto9K9ER.jpg","http://murkote.com/nevskaya-maskaradnaya/","2017-04-19 00:03:20",
"http://murkote.com/wp-content/uploads/2015/11/nevskaya-maskaradnaya-7.jpg.pagespeed.ce._xpgXjGUs6.jpg","http://murkote.com/nevskaya-maskaradnaya/","2017-04-19 01:26:40",
"http://murkote.com/wp-content/uploads/2015/11/nevskaya-maskaradnaya-8.jpg.pagespeed.ce.K4BMb8lbps.jpg","http://murkote.com/nevskaya-maskaradnaya/","2017-04-19 02:50:00",
"http://murkote.com/wp-content/uploads/2015/11/nevskaya-maskaradnaya-9.jpg.pagespeed.ce._Jqv-IQLx0.jpg","http://murkote.com/nevskaya-maskaradnaya/","2017-04-19 04:13:20",
"http://murkote.com/wp-content/uploads/2015/11/nevskaya-maskaradnaya-10.jpg.pagespeed.ce.bPk46_VLWP.jpg","http://murkote.com/nevskaya-maskaradnaya/","2017-04-19 05:36:40",
"http://murkote.com/wp-content/uploads/2015/11/nevskaya-maskaradnaya-11.jpg.pagespeed.ce.sAbMQVWc8Y.jpg","http://murkote.com/nevskaya-maskaradnaya/","2017-04-19 07:00:00",
"http://murkote.com/wp-content/uploads/2015/10/drontal-1.jpg.pagespeed.ce.QpVR2ZfJl2.jpg","http://murkote.com/nevskaya-maskaradnaya/","2017-04-19 08:23:20",
"http://murkote.com/wp-content/uploads/2015/09/nebelung-4-150x150.jpg","http://murkote.com/nibelung/","2017-04-19 09:46:40",
"http://murkote.com/wp-content/uploads/2015/09/nebelung-1.jpg.pagespeed.ce.uh6PNga1go.jpg","http://murkote.com/nibelung/","2017-04-19 11:10:00",
"http://murkote.com/wp-content/uploads/2015/09/nebelung-2.jpg","http://murkote.com/nibelung/","2017-04-19 12:33:20",
"http://murkote.com/wp-content/uploads/2015/09/nebelung-3.jpg","http://murkote.com/nibelung/","2017-04-19 13:56:40",
"http://murkote.com/wp-content/uploads/2015/09/nebelung-4.jpg.pagespeed.ce.n_Xn_rqiui.jpg","http://murkote.com/nibelung/","2017-04-19 15:20:00",
"http://murkote.com/wp-content/uploads/2015/09/nebelung-5.jpg","http://murkote.com/nibelung/","2017-04-19 16:43:20",
"http://murkote.com/wp-content/uploads/2015/09/nebelung-6.jpg","http://murkote.com/nibelung/","2017-04-19 18:06:40",
"http://murkote.com/wp-content/uploads/2015/09/nebelung-7.jpg","http://murkote.com/nibelung/","2017-04-19 19:30:00",
"http://murkote.com/wp-content/uploads/2015/09/nebelung-8.jpg","http://murkote.com/nibelung/","2017-04-19 20:53:20",
"http://murkote.com/wp-content/uploads/2015/09/nebelung-9.jpg.pagespeed.ce.weudBdyqdq.jpg","http://murkote.com/nibelung/","2017-04-19 22:16:40",
"http://murkote.com/wp-content/uploads/2015/06/Anatolijskya-koshka.jpg.pagespeed.ce.540b6Yk62z.jpg","http://murkote.com/nibelung/","2017-04-19 23:40:00",
"http://murkote.com/wp-content/uploads/2014/02/norvegskaya-lesnaya-koshka-150x150.jpg","http://murkote.com/norvezhskaya-lesnaya-koshka/","2017-04-20 01:03:20",
"http://murkote.com/wp-content/uploads/2014/02/norvegskaya-lesnaya-koshka.jpg.pagespeed.ce.8izxnO9aSF.jpg","http://murkote.com/norvezhskaya-lesnaya-koshka/","2017-04-20 02:26:40",
"http://murkote.com/wp-content/uploads/2014/03/norveg-lesnaya-koshka-foto.jpg.pagespeed.ce.Vf9RVGWtvc.jpg","http://murkote.com/norvezhskaya-lesnaya-koshka/","2017-04-20 03:50:00",
"http://murkote.com/wp-content/uploads/2014/03/black-norveg-cat.jpg.pagespeed.ce.3pjCr1Zjul.jpg","http://murkote.com/norvezhskaya-lesnaya-koshka/","2017-04-20 05:13:20",
"http://murkote.com/wp-content/uploads/2014/03/seraya-norveg-cat.jpg.pagespeed.ce.JfkrkncMRe.jpg","http://murkote.com/norvezhskaya-lesnaya-koshka/","2017-04-20 06:36:40",
"http://murkote.com/wp-content/uploads/2014/03/ginger-norveg-cat.jpg.pagespeed.ce.kWnF5qml0k.jpg","http://murkote.com/norvezhskaya-lesnaya-koshka/","2017-04-20 08:00:00",
"http://murkote.com/wp-content/uploads/2014/03/belaya-norveg-cat.jpg","http://murkote.com/norvezhskaya-lesnaya-koshka/","2017-04-20 09:23:20",
"http://murkote.com/wp-content/uploads/2014/02/mramorniy-tabbi-britanskaya-koshka.jpg.pagespeed.ce.HM5ivzcmp3.jpg","http://murkote.com/norvezhskaya-lesnaya-koshka/","2017-04-20 10:46:40",
"http://murkote.com/wp-content/uploads/2015/06/Oriental-cat-4-150x150.jpg","http://murkote.com/orientalnaya-koshka/","2017-04-20 12:10:00",
"http://murkote.com/wp-content/uploads/2015/06/Oriental-cat.jpg.pagespeed.ce.MheoSXYYE4.jpg","http://murkote.com/orientalnaya-koshka/","2017-04-20 13:33:20",
"http://murkote.com/wp-content/uploads/2015/06/Oriental-cat-1.jpg.pagespeed.ce.4cQtjQp_HZ.jpg","http://murkote.com/orientalnaya-koshka/","2017-04-20 14:56:40",
"http://murkote.com/wp-content/uploads/2015/06/Oriental-cat-2.jpg.pagespeed.ce.Bs4xUP7yLy.jpg","http://murkote.com/orientalnaya-koshka/","2017-04-20 16:20:00",
"http://murkote.com/wp-content/uploads/2015/06/oriental-cat-3.jpg.pagespeed.ce.27zsGk8w2_.jpg","http://murkote.com/orientalnaya-koshka/","2017-04-20 17:43:20",
"http://murkote.com/wp-content/uploads/2015/06/Oriental-cat-4.jpg","http://murkote.com/orientalnaya-koshka/","2017-04-20 19:06:40",
"http://murkote.com/wp-content/uploads/2015/06/Oriental-cat-5.jpg.pagespeed.ce.bKFQI2UDdO.jpg","http://murkote.com/orientalnaya-koshka/","2017-04-20 20:30:00",
"http://murkote.com/wp-content/uploads/2015/06/Oriental-cat-6.jpg","http://murkote.com/orientalnaya-koshka/","2017-04-20 21:53:20",
"http://murkote.com/wp-content/uploads/2015/06/Oriental-cat-7.jpg","http://murkote.com/orientalnaya-koshka/","2017-04-20 23:16:40",
"http://murkote.com/wp-content/uploads/2015/06/Oriental-cat-8.jpg","http://murkote.com/orientalnaya-koshka/","2017-04-21 00:40:00",
"http://murkote.com/wp-content/uploads/2015/06/Oriental-cat-9.jpg","http://murkote.com/orientalnaya-koshka/","2017-04-21 02:03:20",
"http://murkote.com/wp-content/uploads/2015/06/Oriental-cat-10.jpg","http://murkote.com/orientalnaya-koshka/","2017-04-21 03:26:40",
"http://murkote.com/wp-content/uploads/2015/06/pixie-bob-4-150x150.jpg","http://murkote.com/piksibob/","2017-04-21 04:50:00",
"http://murkote.com/wp-content/uploads/2015/06/pixie-bob.jpg.pagespeed.ce.qAdNkCX37R.jpg","http://murkote.com/piksibob/","2017-04-21 06:13:20",
"http://murkote.com/wp-content/uploads/2015/06/pixie-bob-1.jpg","http://murkote.com/piksibob/","2017-04-21 07:36:40",
"http://murkote.com/wp-content/uploads/2015/06/pixie-bob-2.jpg.pagespeed.ce.IFaRY50_6n.jpg","http://murkote.com/piksibob/","2017-04-21 09:00:00",
"http://murkote.com/wp-content/uploads/2015/06/pixie-bob-3.jpg","http://murkote.com/piksibob/","2017-04-21 10:23:20",
"http://murkote.com/wp-content/uploads/2015/06/pixie-bob-4.jpg.pagespeed.ce.jftm-KnRF2.jpg","http://murkote.com/piksibob/","2017-04-21 11:46:40",
"http://murkote.com/wp-content/uploads/2015/06/pixie-bob-5.jpg","http://murkote.com/piksibob/","2017-04-21 13:10:00",
"http://murkote.com/wp-content/uploads/2015/06/pixie-bob-6.jpg","http://murkote.com/piksibob/","2017-04-21 14:33:20",
"http://murkote.com/wp-content/uploads/2015/06/pixie-bob-7.jpg","http://murkote.com/piksibob/","2017-04-21 15:56:40",
"http://murkote.com/wp-content/uploads/2015/06/pixie-bob-8.jpg","http://murkote.com/piksibob/","2017-04-21 17:20:00",
"http://murkote.com/wp-content/uploads/2015/06/pixie-bob-9.jpg","http://murkote.com/piksibob/","2017-04-21 18:43:20",
"http://murkote.com/wp-content/uploads/2016/05/4-smeshnoj-kot.jpg","http://murkote.com/piksibob/","2017-04-21 20:06:40",
"http://murkote.com/wp-content/uploads/2015/06/ragdoll-5-150x150.jpg","http://murkote.com/regdoll/","2017-04-21 21:30:00",
"http://murkote.com/wp-content/uploads/2015/06/ragdoll.jpg.pagespeed.ce.hFW0VSJYKd.jpg","http://murkote.com/regdoll/","2017-04-21 22:53:20",
"http://murkote.com/wp-content/uploads/2015/06/ragdoll-1.jpg.pagespeed.ce.AJDIBoZ3h_.jpg","http://murkote.com/regdoll/","2017-04-22 00:16:40",
"http://murkote.com/wp-content/uploads/2015/06/ragdoll-2.jpg.pagespeed.ce.4IwCvHs_jQ.jpg","http://murkote.com/regdoll/","2017-04-22 01:40:00",
"http://murkote.com/wp-content/uploads/2015/06/ragdoll-3.jpg.pagespeed.ce._7drez9ajy.jpg","http://murkote.com/regdoll/","2017-04-22 03:03:20",
"http://murkote.com/wp-content/uploads/2015/06/ragdoll-4.jpg.pagespeed.ce.V9cbfad9We.jpg","http://murkote.com/regdoll/","2017-04-22 04:26:40",
"http://murkote.com/wp-content/uploads/2015/06/ragdoll-5.jpg.pagespeed.ce.ukAMP4yWb0.jpg","http://murkote.com/regdoll/","2017-04-22 05:50:00",
"http://murkote.com/wp-content/uploads/2015/06/ragdoll-6.jpg.pagespeed.ce.78QclEiLWb.jpg","http://murkote.com/regdoll/","2017-04-22 07:13:20",
"http://murkote.com/wp-content/uploads/2015/06/ragdoll-7.jpg.pagespeed.ce.qG350Zxa_a.jpg","http://murkote.com/regdoll/","2017-04-22 08:36:40",
"http://murkote.com/wp-content/uploads/2015/06/ragdoll-8.jpg.pagespeed.ce.soXFU6o0LF.jpg","http://murkote.com/regdoll/","2017-04-22 10:00:00",
"http://murkote.com/wp-content/uploads/2015/06/ragdoll-9.jpg.pagespeed.ce.gqht9gMRfc.jpg","http://murkote.com/regdoll/","2017-04-22 11:23:20",
"http://murkote.com/wp-content/uploads/2015/06/ragdoll-10.jpg.pagespeed.ce.VyjYUz8PqL.jpg","http://murkote.com/regdoll/","2017-04-22 12:46:40",
"http://murkote.com/wp-content/uploads/2015/09/sacred-birman-cat-5-150x150.jpg","http://murkote.com/birmanskaya-koshka/","2017-04-22 14:10:00",
"http://murkote.com/wp-content/uploads/2015/09/sacred-birman-cat.jpg.pagespeed.ce.YavXbV26mY.jpg","http://murkote.com/birmanskaya-koshka/","2017-04-22 15:33:20",
"http://murkote.com/wp-content/uploads/2015/09/sacred-birman-cat-1.jpg.pagespeed.ce.k_V2cPB2-b.jpg","http://murkote.com/birmanskaya-koshka/","2017-04-22 16:56:40",
"http://murkote.com/wp-content/uploads/2015/09/sacred-birman-cat-2.jpg.pagespeed.ce.R9SjKOaCWJ.jpg","http://murkote.com/birmanskaya-koshka/","2017-04-22 18:20:00",
"http://murkote.com/wp-content/uploads/2015/09/sacred-birman-cat-3.jpg.pagespeed.ce.pZ7SLDFR9l.jpg","http://murkote.com/birmanskaya-koshka/","2017-04-22 19:43:20",
"http://murkote.com/wp-content/uploads/2015/09/sacred-birman-cat-4.jpg.pagespeed.ce.vXB0vwlBPd.jpg","http://murkote.com/birmanskaya-koshka/","2017-04-22 21:06:40",
"http://murkote.com/wp-content/uploads/2015/09/sacred-birman-cat-5.jpg.pagespeed.ce.Wxe8PPKvvd.jpg","http://murkote.com/birmanskaya-koshka/","2017-04-22 22:30:00",
"http://murkote.com/wp-content/uploads/2015/09/sacred-birman-cat-6.jpg.pagespeed.ce.pWzxqIAPyJ.jpg","http://murkote.com/birmanskaya-koshka/","2017-04-22 23:53:20",
"http://murkote.com/wp-content/uploads/2015/09/sacred-birman-cat-7.jpg.pagespeed.ce.8VmNs2ym3n.jpg","http://murkote.com/birmanskaya-koshka/","2017-04-23 01:16:40",
"http://murkote.com/wp-content/uploads/2015/09/sacred-birman-cat-8.jpg.pagespeed.ce.Z0zKSmSvNq.jpg","http://murkote.com/birmanskaya-koshka/","2017-04-23 02:40:00",
"http://murkote.com/wp-content/uploads/2015/09/sacred-birman-cat-9.jpg.pagespeed.ce.abSAgUkv_v.jpg","http://murkote.com/birmanskaya-koshka/","2017-04-23 04:03:20",
"http://murkote.com/wp-content/uploads/2015/09/sacred-birman-cat-10.jpg.pagespeed.ce.muFfNTyDbc.jpg","http://murkote.com/birmanskaya-koshka/","2017-04-23 05:26:40",
"http://murkote.com/wp-content/uploads/2015/09/16-siberian-cat-150x150.jpg","http://murkote.com/sibirskie-koshki/","2017-04-23 06:50:00",
"http://murkote.com/wp-content/uploads/2015/09/15-siberian-cat.jpg.pagespeed.ce.pYzQdgZqrR.jpg","http://murkote.com/sibirskie-koshki/","2017-04-23 08:13:20",
"http://murkote.com/wp-content/uploads/2015/09/14-siberian-cat.jpg.pagespeed.ce.ExfrOV8QpF.jpg","http://murkote.com/sibirskie-koshki/","2017-04-23 09:36:40",
"http://murkote.com/wp-content/uploads/2015/09/13-siberian-cat.jpg.pagespeed.ce.eepgcExgXP.jpg","http://murkote.com/sibirskie-koshki/","2017-04-23 11:00:00",
"http://murkote.com/wp-content/uploads/2015/09/12-siberian-cat.jpg.pagespeed.ce.xhvFZsRTap.jpg","http://murkote.com/sibirskie-koshki/","2017-04-23 12:23:20",
"http://murkote.com/wp-content/uploads/2015/09/11-siberian-cat.jpg.pagespeed.ce.dzLQGyqzrv.jpg","http://murkote.com/sibirskie-koshki/","2017-04-23 13:46:40",
"http://murkote.com/wp-content/uploads/2015/09/5-siberian-cat.jpg.pagespeed.ce.AjiC73PKzV.jpg","http://murkote.com/sibirskie-koshki/","2017-04-23 15:10:00",
"http://murkote.com/wp-content/uploads/2015/09/4-siberian-cat.jpg.pagespeed.ce.i7FS3HFgja.jpg","http://murkote.com/sibirskie-koshki/","2017-04-23 16:33:20",
"http://murkote.com/wp-content/uploads/2015/09/3-siberian-cat.jpg.pagespeed.ce.eWH4jEd7-t.jpg","http://murkote.com/sibirskie-koshki/","2017-04-23 17:56:40",
"http://murkote.com/wp-content/uploads/2015/09/2-siberian-cat.jpg.pagespeed.ce.M4v_9wiqbJ.jpg","http://murkote.com/sibirskie-koshki/","2017-04-23 19:20:00",
"http://murkote.com/wp-content/uploads/2015/09/1-siberian-cat.jpg.pagespeed.ce.e2I3Oo-V8y.jpg","http://murkote.com/sibirskie-koshki/","2017-04-23 20:43:20",
"http://murkote.com/wp-content/uploads/2015/09/10-siberian-cat.jpg.pagespeed.ce.sSnaGJsIxp.jpg","http://murkote.com/sibirskie-koshki/","2017-04-23 22:06:40",
"http://murkote.com/wp-content/uploads/2015/09/9-siberian-cat.jpg.pagespeed.ce.NCY_-zwEsv.jpg","http://murkote.com/sibirskie-koshki/","2017-04-23 23:30:00",
"http://murkote.com/wp-content/uploads/2015/09/8-siberian-cat.jpg.pagespeed.ce.BsDMrbrVUV.jpg","http://murkote.com/sibirskie-koshki/","2017-04-24 00:53:20",
"http://murkote.com/wp-content/uploads/2015/09/7-siberian-cat.jpg.pagespeed.ce.KoxManzgPD.jpg","http://murkote.com/sibirskie-koshki/","2017-04-24 02:16:40",
"http://murkote.com/wp-content/uploads/2015/09/6-siberian-cat.jpg.pagespeed.ce.V1j8rPu_10.jpg","http://murkote.com/sibirskie-koshki/","2017-04-24 03:40:00",
"http://murkote.com/wp-content/uploads/2015/09/20-siberian-cat.jpg.pagespeed.ce.mn1WYvZRtZ.jpg","http://murkote.com/sibirskie-koshki/","2017-04-24 05:03:20",
"http://murkote.com/wp-content/uploads/2015/09/19-siberian-cat.jpg.pagespeed.ce.r9PnVDdGYl.jpg","http://murkote.com/sibirskie-koshki/","2017-04-24 06:26:40",
"http://murkote.com/wp-content/uploads/2015/09/18-siberian-cat.jpg.pagespeed.ce.fxalrfoO4Y.jpg","http://murkote.com/sibirskie-koshki/","2017-04-24 07:50:00",
"http://murkote.com/wp-content/uploads/2015/09/17-siberian-cat.jpg.pagespeed.ce.tCQ552FcGM.jpg","http://murkote.com/sibirskie-koshki/","2017-04-24 09:13:20",
"http://murkote.com/wp-content/uploads/2015/09/16-siberian-cat.jpg.pagespeed.ce.oOoV_lBRlC.jpg","http://murkote.com/sibirskie-koshki/","2017-04-24 10:36:40",
"http://murkote.com/wp-content/uploads/2014/02/golubaya-sibirskya-koshka.jpg.pagespeed.ce.mzOkI_maBP.jpg","http://murkote.com/sibirskie-koshki/","2017-04-24 12:00:00",
"http://murkote.com/wp-content/uploads/2014/02/nevskya-maskaradnaya-koshka.jpg.pagespeed.ce.IJIU0N0HCh.jpg","http://murkote.com/sibirskie-koshki/","2017-04-24 13:23:20",
"http://murkote.com/wp-content/uploads/2014/02/rizhaya-sibirskaya-koshka.jpg.pagespeed.ce.a_2j3V80aa.jpg","http://murkote.com/sibirskie-koshki/","2017-04-24 14:46:40",
"http://murkote.com/wp-content/uploads/2014/02/belaya-sibirskaya-koshka.jpg.pagespeed.ce.qiNPoxZp0A.jpg","http://murkote.com/sibirskie-koshki/","2017-04-24 16:10:00",
"http://murkote.com/wp-content/uploads/2015/09/23-siberian-cat.jpg.pagespeed.ce.Kzg7Mt1giL.jpg","http://murkote.com/sibirskie-koshki/","2017-04-24 17:33:20",
"http://murkote.com/wp-content/uploads/2015/09/22-siberian-cat.jpg.pagespeed.ce.TnSsUS4Lle.jpg","http://murkote.com/sibirskie-koshki/","2017-04-24 18:56:40",
"http://murkote.com/wp-content/uploads/2015/09/21-siberian-cat.jpg.pagespeed.ce.z-1I6W3Ahr.jpg","http://murkote.com/sibirskie-koshki/","2017-04-24 20:20:00",
"http://murkote.com/wp-content/uploads/2015/09/25-siberian-cat.jpg.pagespeed.ce.UiD4yIw3MP.jpg","http://murkote.com/sibirskie-koshki/","2017-04-24 21:43:20",
"http://murkote.com/wp-content/uploads/2015/09/24-siberian-cat.jpg.pagespeed.ce.-ESvNmXHro.jpg","http://murkote.com/sibirskie-koshki/","2017-04-24 23:06:40",
"http://murkote.com/wp-content/uploads/2015/04/two-snowshoe-cats-150x150.jpg","http://murkote.com/snowshoe/","2017-04-25 00:30:00",
"http://murkote.com/wp-content/uploads/2015/04/two-snowshoe-cats.jpg.pagespeed.ce.mQgix0_h1k.jpg","http://murkote.com/snowshoe/","2017-04-25 01:53:20",
"http://murkote.com/wp-content/uploads/2015/04/Snowshoe-Cat.jpg","http://murkote.com/snowshoe/","2017-04-25 03:16:40",
"http://murkote.com/wp-content/uploads/2015/04/Snowshoe-cat1.jpg","http://murkote.com/snowshoe/","2017-04-25 04:40:00",
"http://murkote.com/wp-content/uploads/2015/04/snowshoe-on-red.jpg","http://murkote.com/snowshoe/","2017-04-25 06:03:20",
"http://murkote.com/wp-content/uploads/2015/04/Snowshoe-cat2.jpg","http://murkote.com/snowshoe/","2017-04-25 07:26:40",
"http://murkote.com/wp-content/uploads/2015/04/snowshoe-cat2-1.jpg","http://murkote.com/snowshoe/","2017-04-25 08:50:00",
"http://murkote.com/wp-content/uploads/2015/04/snowshoe-boys.jpg","http://murkote.com/snowshoe/","2017-04-25 10:13:20",
"http://murkote.com/wp-content/uploads/2015/04/snowshoe-kitty.jpg","http://murkote.com/snowshoe/","2017-04-25 11:36:40",
"http://murkote.com/wp-content/uploads/2015/06/Turkish-angora-2-150x150.jpg","http://murkote.com/turetskaya-angora/","2017-04-25 13:00:00",
"http://murkote.com/wp-content/uploads/2015/06/Turkish-angora.jpg.pagespeed.ce.ErSfkdN7Ya.jpg","http://murkote.com/turetskaya-angora/","2017-04-25 14:23:20",
"http://murkote.com/wp-content/uploads/2015/06/Turkish-angora-1.jpg.pagespeed.ce.uC2tmVKYkr.jpg","http://murkote.com/turetskaya-angora/","2017-04-25 15:46:40",
"http://murkote.com/wp-content/uploads/2015/06/Turkish-angora-2.jpg.pagespeed.ce.sPvpidKv4e.jpg","http://murkote.com/turetskaya-angora/","2017-04-25 17:10:00",
"http://murkote.com/wp-content/uploads/2015/06/Turkish-angora-3.jpg.pagespeed.ce.RQ0hNSwUMN.jpg","http://murkote.com/turetskaya-angora/","2017-04-25 18:33:20",
"http://murkote.com/wp-content/uploads/2015/06/Turkish-angora-4.jpg.pagespeed.ce.mQ9yaKdgu4.jpg","http://murkote.com/turetskaya-angora/","2017-04-25 19:56:40",
"http://murkote.com/wp-content/uploads/2015/06/Turkish-angora-5.jpg","http://murkote.com/turetskaya-angora/","2017-04-25 21:20:00",
"http://murkote.com/wp-content/uploads/2015/06/Turkish-angora-6.jpg","http://murkote.com/turetskaya-angora/","2017-04-25 22:43:20",
"http://murkote.com/wp-content/uploads/2015/06/Turkish-angora-7.jpg.pagespeed.ce.5oV99FDb25.jpg","http://murkote.com/turetskaya-angora/","2017-04-26 00:06:40",
"http://murkote.com/wp-content/uploads/2015/06/Turkish-angora-8.jpg","http://murkote.com/turetskaya-angora/","2017-04-26 01:30:00",
"http://murkote.com/wp-content/uploads/2015/06/sphynx-cat.jpg.pagespeed.ce.DWtXJlT-C4.jpg","http://murkote.com/turetskaya-angora/","2017-04-26 02:53:20",
"http://murkote.com/wp-content/uploads/2015/06/Turkish-Van-150x150.jpg","http://murkote.com/turetskiy-van/","2017-04-26 04:16:40",
"http://murkote.com/wp-content/uploads/2015/06/Turkish-Van.jpg.pagespeed.ce.sSIO90PvdF.jpg","http://murkote.com/turetskiy-van/","2017-04-26 05:40:00",
"http://murkote.com/wp-content/uploads/2015/06/Turkish-Van-1.jpg.pagespeed.ce.gjkYojWNqI.jpg","http://murkote.com/turetskiy-van/","2017-04-26 07:03:20",
"http://murkote.com/wp-content/uploads/2015/06/Turkish-Van-2.jpg.pagespeed.ce.hQ_zBwo1nL.jpg","http://murkote.com/turetskiy-van/","2017-04-26 08:26:40",
"http://murkote.com/wp-content/uploads/2015/06/Turkish-Van-3.jpg.pagespeed.ce.Vv01r1z5fY.jpg","http://murkote.com/turetskiy-van/","2017-04-26 09:50:00",
"http://murkote.com/wp-content/uploads/2015/06/Turkish-Van-4.jpg.pagespeed.ce.lQmeth3bad.jpg","http://murkote.com/turetskiy-van/","2017-04-26 11:13:20",
"http://murkote.com/wp-content/uploads/2015/06/Turkish-Van-5.jpg.pagespeed.ce.p6lKdOpFId.jpg","http://murkote.com/turetskiy-van/","2017-04-26 12:36:40",
"http://murkote.com/wp-content/uploads/2015/06/Turkish-Van-6.jpg.pagespeed.ce.diRRO-0gpF.jpg","http://murkote.com/turetskiy-van/","2017-04-26 14:00:00",
"http://murkote.com/wp-content/uploads/2015/06/Turkish-Van-7.jpg.pagespeed.ce.631bE-1Ytn.jpg","http://murkote.com/turetskiy-van/","2017-04-26 15:23:20",
"http://murkote.com/wp-content/uploads/2015/06/Turkish-Van-8.jpg.pagespeed.ce.XB-SrxY7Zo.jpg","http://murkote.com/turetskiy-van/","2017-04-26 16:46:40",
"http://murkote.com/wp-content/uploads/2015/07/Turkish-Van-9.jpg.pagespeed.ce.LNgsYb7tN-.jpg","http://murkote.com/turetskiy-van/","2017-04-26 18:10:00",
"http://murkote.com/wp-content/uploads/2015/08/highlend-fold-4-150x150.jpg","http://murkote.com/haylend-fold/","2017-04-26 19:33:20",
"http://murkote.com/wp-content/uploads/2015/08/highlend-fold.jpg.pagespeed.ce._A1j2SLIJp.jpg","http://murkote.com/haylend-fold/","2017-04-26 20:56:40",
"http://murkote.com/wp-content/uploads/2015/08/highlend-fold-1.jpg.pagespeed.ce.ODrevrXhuK.jpg","http://murkote.com/haylend-fold/","2017-04-26 22:20:00",
"http://murkote.com/wp-content/uploads/2015/08/highlend-fold-2.jpg","http://murkote.com/haylend-fold/","2017-04-26 23:43:20",
"http://murkote.com/wp-content/uploads/2015/08/highlend-fold-3.jpg","http://murkote.com/haylend-fold/","2017-04-27 01:06:40",
"http://murkote.com/wp-content/uploads/2015/08/highlend-fold-6.jpg","http://murkote.com/haylend-fold/","2017-04-27 02:30:00",
"http://murkote.com/wp-content/uploads/2015/08/highlend-fold-4.jpg.pagespeed.ce.6X2U5U0gD2.jpg","http://murkote.com/haylend-fold/","2017-04-27 03:53:20",
"http://murkote.com/wp-content/uploads/2015/08/highlend-fold-5.jpg","http://murkote.com/haylend-fold/","2017-04-27 05:16:40",
"http://murkote.com/wp-content/uploads/2015/08/highlend-fold-7.jpg","http://murkote.com/haylend-fold/","2017-04-27 06:40:00",
"http://murkote.com/wp-content/uploads/2015/08/highlend-fold-8.jpg","http://murkote.com/haylend-fold/","2017-04-27 08:03:20",
"http://murkote.com/wp-content/uploads/2015/08/highlend-fold-9.jpg","http://murkote.com/haylend-fold/","2017-04-27 09:26:40",
"http://murkote.com/wp-content/uploads/2015/06/uralskiy-rex.jpg","http://murkote.com/haylend-fold/","2017-04-27 10:50:00",
"http://murkote.com/wp-content/uploads/2015/05/himalayan-cat-150x150.jpg","http://murkote.com/gimalayskaya-koshka/","2017-04-27 12:13:20",
"http://murkote.com/wp-content/uploads/2015/05/himalayan-cat.jpg.pagespeed.ce.738cmcevxf.jpg","http://murkote.com/gimalayskaya-koshka/","2017-04-27 13:36:40",
"http://murkote.com/wp-content/uploads/2015/05/white-himalayan.jpg.pagespeed.ce.-SPAi1g2qO.jpg","http://murkote.com/gimalayskaya-koshka/","2017-04-27 15:00:00",
"http://murkote.com/wp-content/uploads/2015/05/himalayan-cat-06.jpg","http://murkote.com/gimalayskaya-koshka/","2017-04-27 16:23:20",
"http://murkote.com/wp-content/uploads/2015/05/himalayan-cat-14.jpg","http://murkote.com/gimalayskaya-koshka/","2017-04-27 17:46:40",
"http://murkote.com/wp-content/uploads/2015/05/Blue-Eye-Himalayan-Cat.jpg","http://murkote.com/gimalayskaya-koshka/","2017-04-27 19:10:00",
"http://murkote.com/wp-content/uploads/2015/05/himalayan-blue.jpg","http://murkote.com/gimalayskaya-koshka/","2017-04-27 20:33:20",
"http://murkote.com/wp-content/uploads/2015/05/white-himalayan-cat.jpg","http://murkote.com/gimalayskaya-koshka/","2017-04-27 21:56:40",
"http://murkote.com/wp-content/uploads/2015/05/himalayan-kittens.jpg","http://murkote.com/gimalayskaya-koshka/","2017-04-27 23:20:00",
"http://murkote.com/wp-content/uploads/2015/05/Ceylon-cat.jpg.pagespeed.ce.KXt9rkXexk.jpg","http://murkote.com/gimalayskaya-koshka/","2017-04-28 00:43:20",
"http://murkote.com/wp-content/uploads/2014/03/persian-cat-7-150x150.jpg","http://murkote.com/persidskie-koshki/","2017-04-28 02:06:40",
"http://murkote.com/wp-content/uploads/2014/03/persian-cat.jpg.pagespeed.ce.PoxjeArcaK.jpg","http://murkote.com/persidskie-koshki/","2017-04-28 03:30:00",
"http://murkote.com/wp-content/uploads/2014/03/persian-cat-2.jpg.pagespeed.ce.tawLW9-MSh.jpg","http://murkote.com/persidskie-koshki/","2017-04-28 04:53:20",
"http://murkote.com/wp-content/uploads/2014/03/persian-cat-4.jpg","http://murkote.com/persidskie-koshki/","2017-04-28 06:16:40",
"http://murkote.com/wp-content/uploads/2014/03/persian-cat-5.jpg","http://murkote.com/persidskie-koshki/","2017-04-28 07:40:00",
"http://murkote.com/wp-content/uploads/2014/03/persian-cat-6.jpg","http://murkote.com/persidskie-koshki/","2017-04-28 09:03:20",
"http://murkote.com/wp-content/uploads/2014/03/persian-cat-9.jpg","http://murkote.com/persidskie-koshki/","2017-04-28 10:26:40",
"http://murkote.com/wp-content/uploads/2014/03/persian-cat-11.jpg","http://murkote.com/persidskie-koshki/","2017-04-28 11:50:00",
"http://murkote.com/wp-content/uploads/2014/03/persian-cat-12.jpg","http://murkote.com/persidskie-koshki/","2017-04-28 13:13:20",
"http://murkote.com/wp-content/uploads/2014/03/persian-cat-13.jpg","http://murkote.com/persidskie-koshki/","2017-04-28 14:36:40",
"http://murkote.com/wp-content/uploads/2014/03/persian-cat-14.jpg.pagespeed.ce.CYcYy4L_4v.jpg","http://murkote.com/persidskie-koshki/","2017-04-28 16:00:00",
"http://murkote.com/wp-content/uploads/2014/03/persian-cat-16.jpg","http://murkote.com/persidskie-koshki/","2017-04-28 17:23:20",
"http://murkote.com/wp-content/uploads/2014/03/persian-cat-17.jpg","http://murkote.com/persidskie-koshki/","2017-04-28 18:46:40",
"http://murkote.com/wp-content/uploads/2014/03/persian-cat-18.jpg","http://murkote.com/persidskie-koshki/","2017-04-28 20:10:00",
"http://murkote.com/wp-content/uploads/2014/03/persian-cat-19.jpg","http://murkote.com/persidskie-koshki/","2017-04-28 21:33:20",
"http://murkote.com/wp-content/uploads/2014/03/persian-cat-20.jpg","http://murkote.com/persidskie-koshki/","2017-04-28 22:56:40",
"http://murkote.com/wp-content/uploads/2014/03/persian-cat-21.jpg.pagespeed.ce.riJiQJECtU.jpg","http://murkote.com/persidskie-koshki/","2017-04-29 00:20:00",
"http://murkote.com/wp-content/uploads/2014/03/persian-cat-24.jpg","http://murkote.com/persidskie-koshki/","2017-04-29 01:43:20",
"http://murkote.com/wp-content/uploads/2015/06/sphynx-cat-150x150.jpg","http://murkote.com/donskoy-sfinks/","2017-04-29 03:06:40",
"http://murkote.com/wp-content/uploads/2015/06/cat_sphynx_walking.jpg.pagespeed.ce.nyZH-ILVGw.jpg","http://murkote.com/donskoy-sfinks/","2017-04-29 04:30:00",
"http://murkote.com/wp-content/uploads/2015/06/sphynx_cat_funny.jpg.pagespeed.ce.fc8jVjb9Gs.jpg","http://murkote.com/donskoy-sfinks/","2017-04-29 05:53:20",
"http://murkote.com/wp-content/uploads/2015/06/donskoy_cat.jpg.pagespeed.ce.f3797cwdTP.jpg","http://murkote.com/donskoy-sfinks/","2017-04-29 07:16:40",
"http://murkote.com/wp-content/uploads/2015/06/sphynx_green_eye.jpg.pagespeed.ce.gZPbit-HW2.jpg","http://murkote.com/donskoy-sfinks/","2017-04-29 08:40:00",
"http://murkote.com/wp-content/uploads/2015/06/cat_sphynx_looks.jpg.pagespeed.ce.Za3OsRqIO9.jpg","http://murkote.com/donskoy-sfinks/","2017-04-29 10:03:20",
"http://murkote.com/wp-content/uploads/2015/06/two_sphynx_cats.jpg.pagespeed.ce.NyQ6w1uDsZ.jpg","http://murkote.com/donskoy-sfinks/","2017-04-29 11:26:40",
"http://murkote.com/wp-content/uploads/2015/06/sphynx_cat_red.jpg.pagespeed.ce.2wSZm5GkXO.jpg","http://murkote.com/donskoy-sfinks/","2017-04-29 12:50:00",
"http://murkote.com/wp-content/uploads/2015/06/sphynx_white_kitty.jpg.pagespeed.ce.vV2pqU2wVY.jpg","http://murkote.com/donskoy-sfinks/","2017-04-29 14:13:20",
"http://murkote.com/wp-content/uploads/2015/06/sphynx-cat.jpg.pagespeed.ce.DWtXJlT-C4.jpg","http://murkote.com/donskoy-sfinks/","2017-04-29 15:36:40",
"http://murkote.com/wp-content/uploads/2015/06/sphynx_kitty_grey.jpg.pagespeed.ce.4xy8K_mmbZ.jpg","http://murkote.com/donskoy-sfinks/","2017-04-29 17:00:00",
"http://murkote.com/wp-content/uploads/2015/06/amazing_sphynx_kitten.jpg.pagespeed.ce.wqNJcKLIs_.jpg","http://murkote.com/donskoy-sfinks/","2017-04-29 18:23:20",
"http://murkote.com/wp-content/uploads/2015/06/Canadian_Sphynx1.jpg.pagespeed.ce.dWo4n1MYo9.jpg","http://murkote.com/donskoy-sfinks/","2017-04-29 19:46:40",
"http://murkote.com/wp-content/uploads/2015/06/Canadian_Sphynx1-150x150.jpg","http://murkote.com/kanadskiy-sfinks/","2017-04-29 21:10:00",
"http://murkote.com/wp-content/uploads/2015/06/Canadian_Sphynx1.jpg.pagespeed.ce.dWo4n1MYo9.jpg","http://murkote.com/kanadskiy-sfinks/","2017-04-29 22:33:20",
"http://murkote.com/wp-content/uploads/2015/06/sphynx_canada.jpg.pagespeed.ce.yHiN78IxG7.jpg","http://murkote.com/kanadskiy-sfinks/","2017-04-29 23:56:40",
"http://murkote.com/wp-content/uploads/2015/06/Docile_Canadian_Sphynx.jpg.pagespeed.ce.qELSwiIMvW.jpg","http://murkote.com/kanadskiy-sfinks/","2017-04-30 01:20:00",
"http://murkote.com/wp-content/uploads/2015/06/Canadian_Sphynx2.jpg.pagespeed.ce.wk4gOslzHw.jpg","http://murkote.com/kanadskiy-sfinks/","2017-04-30 02:43:20",
"http://murkote.com/wp-content/uploads/2015/06/canadian_sphynx.jpg.pagespeed.ce.yDO0TLPazV.jpg","http://murkote.com/kanadskiy-sfinks/","2017-04-30 04:06:40",
"http://murkote.com/wp-content/uploads/2015/06/beautiful_canadian_sphynx_kittens2.jpg.pagespeed.ce.4tUEwHcTbb.jpg","http://murkote.com/kanadskiy-sfinks/","2017-04-30 05:30:00",
"http://murkote.com/wp-content/uploads/2015/06/Docile_Canadian_Sphynx_cute.jpg.pagespeed.ce.Rk5fhwjnQE.jpg","http://murkote.com/kanadskiy-sfinks/","2017-04-30 06:53:20",
"http://murkote.com/wp-content/uploads/2015/06/beautiful_canadian_sphynx_kitten.jpg.pagespeed.ce.CH7HJ5zITK.jpg","http://murkote.com/kanadskiy-sfinks/","2017-04-30 08:16:40",
"http://murkote.com/wp-content/uploads/2015/06/canadian_sphynx_kitten.jpg.pagespeed.ce.fgw1o4OMu4.jpg","http://murkote.com/kanadskiy-sfinks/","2017-04-30 09:40:00",
"http://murkote.com/wp-content/uploads/2015/06/peterbald-2-150x150.jpg","http://murkote.com/peterbold/","2017-04-30 11:03:20",
"http://murkote.com/wp-content/uploads/2015/06/peterbald-2.jpg.pagespeed.ce.4k7sXcyhGw.jpg","http://murkote.com/peterbold/","2017-04-30 12:26:40",
"http://murkote.com/wp-content/uploads/2015/06/peterbald-6.jpg.pagespeed.ce.XFB0iCN_ia.jpg","http://murkote.com/peterbold/","2017-04-30 13:50:00",
"http://murkote.com/wp-content/uploads/2015/06/peterbald-1.jpg","http://murkote.com/peterbold/","2017-04-30 15:13:20",
"http://murkote.com/wp-content/uploads/2015/06/peterbald-3.jpg","http://murkote.com/peterbold/","2017-04-30 16:36:40",
"http://murkote.com/wp-content/uploads/2015/06/peterbald-7.jpg","http://murkote.com/peterbold/","2017-04-30 18:00:00",
"http://murkote.com/wp-content/uploads/2015/06/peterbald-5.jpg","http://murkote.com/peterbold/","2017-04-30 19:23:20",
"http://murkote.com/wp-content/uploads/2015/06/peterbald-kotenok-1.jpg","http://murkote.com/peterbold/","2017-04-30 20:46:40",
"http://murkote.com/wp-content/uploads/2015/06/peterbald-4.jpg","http://murkote.com/peterbold/","2017-04-30 22:10:00",
"http://murkote.com/wp-content/uploads/2015/06/peterbald-kotenok.jpg","http://murkote.com/peterbold/","2017-04-30 23:33:20",
"http://murkote.com/wp-content/uploads/2015/06/kakoi-porodi-koshka-v-reklame-sheba.jpg","http://murkote.com/peterbold/","2017-05-01 00:56:40",
"http://murkote.com/wp-content/uploads/2013/09/koshka-ukrainskiy-levkoy-150x150.jpg","http://murkote.com/ukrainskiy-levkoy/","2017-05-01 02:20:00",
"http://murkote.com/wp-content/uploads/2013/09/kot-ukrainskiy-levkoy.jpg.pagespeed.ce.8NApLJcJlA.jpg","http://murkote.com/ukrainskiy-levkoy/","2017-05-01 03:43:20",
"http://murkote.com/wp-content/uploads/2013/09/koshka-ukrainskiy-levkoy.jpg","http://murkote.com/ukrainskiy-levkoy/","2017-05-01 05:06:40",
"http://murkote.com/wp-content/uploads/2013/09/kotenok-porodi-ukrainskiy-levkoy.jpg","http://murkote.com/ukrainskiy-levkoy/","2017-05-01 06:30:00",
"http://murkote.com/wp-content/uploads/2013/09/ukrainskiy-levkoy.jpg.pagespeed.ce.OQkFRwiQsA.jpg","http://murkote.com/ukrainskiy-levkoy/","2017-05-01 07:53:20",
"http://murkote.com/wp-content/uploads/2013/09/ukrainskiy-levkoy-foto.jpg","http://murkote.com/ukrainskiy-levkoy/","2017-05-01 09:16:40",
"http://murkote.com/wp-content/uploads/2015/06/ocicat-1-150x150.jpg","http://murkote.com/otsiket/","2017-05-01 10:40:00",
"http://murkote.com/wp-content/uploads/2015/06/ocicat.jpg.pagespeed.ce.1edFUfnZXH.jpg","http://murkote.com/otsiket/","2017-05-01 12:03:20",
"http://murkote.com/wp-content/uploads/2015/06/ocicat-1.jpg.pagespeed.ce.TIOdEIjJud.jpg","http://murkote.com/otsiket/","2017-05-01 13:26:40",
"http://murkote.com/wp-content/uploads/2015/06/ocicat-2.jpg","http://murkote.com/otsiket/","2017-05-01 14:50:00",
"http://murkote.com/wp-content/uploads/2015/06/ocicat-3.jpg","http://murkote.com/otsiket/","2017-05-01 16:13:20",
"http://murkote.com/wp-content/uploads/2015/06/aegean-cat.jpg","http://murkote.com/otsiket/","2017-05-01 17:36:40",
"http://murkote.com/wp-content/uploads/2016/01/mekong-bobtail-150x150.jpg","http://murkote.com/mekongskiy-bobteyl/","2017-05-01 19:00:00",
"http://murkote.com/wp-content/uploads/2016/01/mekong-bobtail.jpg.pagespeed.ce.jbMMG9iJEN.jpg","http://murkote.com/mekongskiy-bobteyl/","2017-05-01 20:23:20",
"http://murkote.com/wp-content/uploads/2016/01/mekong-bobtail-10.jpg.pagespeed.ce.KZUkQ5duDs.jpg","http://murkote.com/mekongskiy-bobteyl/","2017-05-01 21:46:40",
"http://murkote.com/wp-content/uploads/2016/01/mekong-bobtail-1.jpg.pagespeed.ce.jCbWAxMq4W.jpg","http://murkote.com/mekongskiy-bobteyl/","2017-05-01 23:10:00",
"http://murkote.com/wp-content/uploads/2016/01/mekong-bobtail-2.jpg.pagespeed.ce.KR6stpggMk.jpg","http://murkote.com/mekongskiy-bobteyl/","2017-05-02 00:33:20",
"http://murkote.com/wp-content/uploads/2016/01/mekong-bobtail-3.jpg","http://murkote.com/mekongskiy-bobteyl/","2017-05-02 01:56:40",
"http://murkote.com/wp-content/uploads/2016/01/mekong-bobtail-4.jpg","http://murkote.com/mekongskiy-bobteyl/","2017-05-02 03:20:00",
"http://murkote.com/wp-content/uploads/2016/01/mekong-bobtail-5.jpg","http://murkote.com/mekongskiy-bobteyl/","2017-05-02 04:43:20",
"http://murkote.com/wp-content/uploads/2016/01/mekong-bobtail-6.jpg","http://murkote.com/mekongskiy-bobteyl/","2017-05-02 06:06:40",
"http://murkote.com/wp-content/uploads/2016/01/mekong-bobtail-11.jpg","http://murkote.com/mekongskiy-bobteyl/","2017-05-02 07:30:00",
"http://murkote.com/wp-content/uploads/2016/01/mekong-bobtail-7.jpg","http://murkote.com/mekongskiy-bobteyl/","2017-05-02 08:53:20",
"http://murkote.com/wp-content/uploads/2016/01/mekong-bobtail-9.jpg","http://murkote.com/mekongskiy-bobteyl/","2017-05-02 10:16:40",
"http://murkote.com/wp-content/uploads/2016/01/mekong-bobtail-8.jpg","http://murkote.com/mekongskiy-bobteyl/","2017-05-02 11:40:00",
"http://murkote.com/wp-content/uploads/2016/01/mekong-bobtail-14.jpg","http://murkote.com/mekongskiy-bobteyl/","2017-05-02 13:03:20",
"http://murkote.com/wp-content/uploads/2016/01/mekong-bobtail-13.jpg","http://murkote.com/mekongskiy-bobteyl/","2017-05-02 14:26:40",
"http://murkote.com/wp-content/uploads/2016/01/mekong-bobtail-15-taaby.jpg","http://murkote.com/mekongskiy-bobteyl/","2017-05-02 15:50:00",
"http://murkote.com/wp-content/uploads/2016/01/mekong-bobtail-12.jpg","http://murkote.com/mekongskiy-bobteyl/","2017-05-02 17:13:20",
"http://murkote.com/wp-content/uploads/2016/01/mekong-bobtail-16.jpg","http://murkote.com/mekongskiy-bobteyl/","2017-05-02 18:36:40",
"http://murkote.com/wp-content/uploads/2015/01/passport-veterinarniy.jpg","http://murkote.com/mekongskiy-bobteyl/","2017-05-02 20:00:00",
